seq_no,exp_pI,n_sites,n_deepka_used,n_propka_used,M1_DeepKa_Thurl,M2_PropKa_Thurl,M3_our_9param,M3_ipc_9param,M4_DeepKa_SA_Thurl,M5_DeepKa_SA_our,M5_DeepKa_SA_ipc
1,5.7,19,12,18,4.531,4.824,4.808,4.826,4.425,4.808,4.826
2,4.4,48,37,47,4.926,5.227,5.066,5.081,4.877,5.066,5.081
3,9.8,50,28,50,8.921,9.484,8.551,8.546,8.898,8.582,8.574
4,4.99,169,108,164,5.622,5.963,5.294,5.306,5.571,5.378,5.395
5,8.3,58,39,56,8.63,8.615,7.839,7.831,8.591,7.932,7.928
6,3.93,70,47,69,5.163,5.404,5.117,5.14,5.197,5.201,5.223
7,6.2,73,54,72,7.21,7.6,6.488,6.4,7.276,6.674,6.568
8,6.1,63,24,61,7.689,7.53,6.36,6.277,7.716,7.16,7.151
9,4.2,14,8,12,4.425,4.679,4.956,5.025,4.612,4.94,5.011
10,4.5,56,36,54,3.709,3.986,4.099,4.071,3.84,4.041,4.018
11,7.02,43,25,38,6.58,6.561,5.746,5.774,6.538,5.77,5.795
12,6.6,185,152,183,4.398,4.757,4.69,4.674,4.499,4.691,4.677
13,5.3,151,106,149,5.684,5.83,5.295,5.317,6.011,5.492,5.514
14,7.3,116,91,115,5.173,5.853,5.342,5.352,5.24,5.336,5.347
15,7.1,22,15,21,5.96,6.037,5.422,5.475,6.251,5.422,5.475
16,5.3,137,88,134,5.139,5.449,5.263,5.277,5.254,5.243,5.255
17,3.5,66,40,63,4.185,4.435,4.518,4.501,4.256,4.473,4.46
18,6.3,100,69,98,6.77,6.886,5.895,5.91,6.836,6.329,6.304
19,5.8,61,30,61,6.002,6.475,5.604,5.642,5.953,5.819,5.826
20,7.1,83,59,80,8.255,8.831,7.422,7.407,8.24,7.433,7.42
21,4.75,16,13,15,4.464,4.543,4.645,4.653,4.274,4.645,4.653
22,4.2,60,47,59,4.79,5.251,5.114,5.128,4.887,5.065,5.079
23,5.05,24,17,23,4.918,5.415,5.292,5.345,5.02,5.259,5.316
24,4.65,92,64,91,5.086,5.385,5.117,5.13,5.154,5.187,5.2
25,8.0,260,183,260,7.553,7.438,6.566,6.548,7.505,7.038,6.999
26,7.3,121,75,118,6.617,7.022,5.801,5.824,6.639,6.056,6.056
27,5.8,278,177,267,6.022,6.229,5.563,5.589,6.219,5.773,5.787
28,5.99,68,41,54,7.945,8.021,6.94,6.886,7.809,7.04,7.004
29,5.75,86,59,78,7.24,7.407,6.51,6.372,7.34,6.511,6.372
30,5.175,313,197,307,5.79,6.31,5.53,5.547,6.007,5.66,5.672
31,4.96,92,56,72,5.45,6.175,5.524,5.536,5.483,5.592,5.604
32,5.99,46,30,44,6.159,5.947,5.597,5.635,6.005,5.568,5.6
33,10.1,114,77,113,9.346,9.867,8.456,8.443,9.267,8.504,8.486
34,5.57,42,30,42,5.94,6.033,5.778,5.789,5.944,5.754,5.771
35,6.08,131,86,129,6.179,6.21,5.645,5.676,6.222,5.695,5.714
36,4.84,53,43,51,4.688,4.916,4.92,4.93,4.764,4.906,4.915
37,4.95,89,71,88,4.356,4.796,4.724,4.71,4.469,4.694,4.682
38,4.085,57,46,52,3.818,4.068,4.038,4.008,3.834,4.034,4.009
39,5.44,147,97,145,5.603,5.713,5.194,5.211,5.597,5.228,5.247
40,6.1,93,57,91,4.394,4.497,4.744,4.737,4.483,4.71,4.7
41,5.25667,62,42,59,5.068,5.788,5.277,5.292,5.143,5.294,5.314
42,6.67,72,42,72,7.507,7.41,6.562,6.443,7.54,6.916,6.784
43,8.95,91,72,87,9.258,9.405,8.306,8.306,9.176,8.396,8.394
44,5.01,67,54,66,4.557,4.759,5.017,5.029,4.765,4.957,4.962
45,5.265,136,81,134,5.388,5.724,5.196,5.209,5.365,5.292,5.306
46,5.9,60,47,59,4.811,4.918,5.186,5.21,4.912,5.103,5.113
47,6.3,75,60,74,6.544,6.406,5.785,5.809,6.436,5.816,5.83
48,6.59,82,55,78,8.941,9.566,8.102,8.092,8.85,8.123,8.114
49,4.7,67,47,66,5.323,5.718,5.326,5.348,5.453,5.425,5.446
50,4.83,52,40,51,4.672,4.979,4.895,4.903,4.71,4.888,4.894
51,7.7,111,67,108,6.426,6.374,5.758,5.786,6.542,5.762,5.786
52,7.96,153,94,148,5.917,6.303,5.436,5.456,6.024,5.646,5.662
53,4.96077,221,128,218,5.359,5.978,5.437,5.451,5.458,5.423,5.431
54,5.43667,42,27,41,5.21,5.383,5.398,5.434,5.269,5.402,5.432
55,5.08,95,63,92,4.711,5.031,4.954,4.954,4.782,4.971,4.969
56,5.3,73,33,72,5.719,5.552,4.87,4.887,5.668,5.377,5.422
57,5.8,161,122,158,4.901,5.511,5.239,5.24,5.062,5.229,5.231
58,7.3,91,63,89,7.897,8.394,7.011,6.968,7.864,7.094,7.062
59,5.05333,118,80,115,4.808,5.23,5.013,5.015,4.921,5.044,5.048
60,4.9,136,97,133,6.031,6.386,5.904,5.912,6.265,5.93,5.926
61,5.14,83,66,82,4.78,5.125,5.07,5.077,4.806,5.01,5.014
62,5.12,126,112,125,4.833,5.226,5.089,5.09,4.922,5.057,5.056
63,4.75,103,72,102,5.116,5.524,4.954,4.96,5.266,5.342,5.356
64,9.1,126,83,124,9.163,9.855,8.36,8.364,9.077,8.365,8.368
65,6.95,102,68,101,8.032,8.894,7.172,7.163,8.028,7.381,7.392
66,5.5,157,110,155,5.975,6.494,5.636,5.653,5.98,5.77,5.778
67,5.55,136,89,135,7.766,8.414,6.63,6.586,7.672,7.155,7.151
68,4.11667,73,43,65,4.615,4.844,4.949,4.951,4.722,4.942,4.946
69,4.6,139,91,136,5.672,5.918,5.367,5.395,5.873,5.404,5.428
70,5.31,111,58,108,8.281,8.868,7.589,7.638,8.273,7.57,7.616
71,3.85,65,46,64,5.502,5.807,5.427,5.452,5.494,5.436,5.462
72,6.1,107,70,105,6.596,7.716,5.877,5.882,6.625,6.146,6.12
73,5.915,87,61,86,6.519,6.112,5.727,5.755,6.406,5.818,5.833
74,4.25,62,40,55,4.738,5.185,5.099,5.11,4.952,5.155,5.171
75,5.25333,154,108,152,5.297,5.475,5.156,5.158,5.257,5.373,5.377
76,6.79,263,190,259,7.309,7.54,6.431,6.425,7.314,6.701,6.686
77,4.9,149,101,146,4.826,5.694,4.988,4.984,4.903,5.025,5.025
78,4.72833,59,39,47,4.524,4.767,4.802,4.794,4.575,4.82,4.818
79,4.58,170,95,169,5.473,5.88,5.384,5.397,5.559,5.354,5.37
80,4.85,255,186,248,4.877,5.576,5.197,5.206,4.984,5.062,5.062
81,5.69,118,73,116,7.095,7.274,6.331,6.294,7.09,6.563,6.479
82,6.85,115,72,112,7.34,7.251,6.295,6.259,7.213,6.654,6.566
83,5.4,141,81,132,8.559,8.851,7.722,7.735,8.511,7.858,7.865
84,7.2,83,52,74,7.882,8.329,6.987,6.902,7.83,6.962,6.862
85,7.4,245,167,236,8.189,8.606,7.305,7.333,8.16,7.559,7.585
86,5.26,128,83,127,6.864,7.521,6.087,6.079,6.875,6.475,6.419
87,4.7,134,97,131,5.227,5.377,5.191,5.202,5.311,5.365,5.377
88,4.7,113,72,110,4.539,4.561,4.729,4.721,4.575,4.661,4.653
89,6.7,69,50,64,8.521,8.523,7.35,7.188,8.407,7.702,7.664
90,4.56,79,44,77,4.385,4.674,4.598,4.58,4.431,4.668,4.657
91,5.34571,223,163,221,4.919,5.576,5.146,5.148,5.092,5.196,5.197
92,5.3465,144,89,140,6.841,6.913,6.088,6.104,6.955,6.099,6.109
93,4.8,152,89,146,4.888,5.591,5.02,5.022,4.935,5.049,5.051
94,5.1,80,61,79,7.232,7.956,6.192,6.155,7.26,6.554,6.458
95,5.4,112,71,111,7.163,6.636,6.179,6.172,7.091,6.499,6.46
96,5.1,62,43,60,4.891,5.424,5.118,5.136,5.022,5.114,5.137
97,5.35533,45,25,34,5.474,5.62,5.343,5.377,5.61,5.305,5.342
98,5.3,96,70,90,5.308,5.831,5.136,5.145,5.278,5.207,5.223
99,6.0,218,157,214,5.111,5.48,5.119,5.12,5.101,5.185,5.186
100,5.8,122,75,119,8.785,9.537,8.009,8.038,8.75,8.024,8.052
101,6.56,165,120,154,6.39,6.712,5.677,5.7,6.516,5.902,5.913
102,8.07,65,37,50,10.013,10.023,9.073,9.032,9.877,9.108,9.063
103,5.27,79,64,78,4.924,5.265,5.251,5.259,4.986,5.232,5.24
104,6.15,100,64,94,6.394,6.145,5.674,5.707,6.444,5.868,5.881
105,5.435,41,20,33,5.139,5.737,5.461,5.496,5.196,5.469,5.498
106,5.91667,40,22,39,8.438,8.62,7.646,7.673,8.433,7.661,7.688
107,6.74,74,63,73,5.907,6.079,5.63,5.647,5.881,5.63,5.647
108,4.8,115,82,113,4.749,5.221,4.983,4.985,4.949,5.067,5.073
109,6.1,79,55,78,7.096,6.996,6.253,6.21,7.07,6.253,6.21
110,6.3,162,99,147,8.307,8.738,7.529,7.563,8.296,7.558,7.591
111,5.17,109,78,108,7.867,8.012,6.932,6.86,7.787,6.981,6.92
112,4.955,88,68,87,4.874,5.33,5.19,5.193,4.973,5.202,5.206
113,6.0,124,93,118,5.57,5.809,5.385,5.394,5.509,5.567,5.575
114,5.23,125,89,123,6.559,6.493,5.949,5.96,6.622,6.152,6.132
115,5.6,117,74,117,5.669,6.036,5.675,5.687,5.627,5.661,5.67
116,6.955,95,70,94,7.802,8.554,6.908,6.849,7.766,6.979,6.934
117,7.24,66,43,64,7.581,7.418,6.512,6.386,7.403,6.52,6.395
118,5.4,77,52,74,5.142,5.465,5.245,5.266,5.212,5.254,5.273
119,5.23,70,43,66,4.986,5.636,5.187,5.201,5.067,5.19,5.204
120,5.02,138,108,135,4.868,5.27,4.989,4.989,4.966,5.063,5.064
121,5.99,130,103,127,5.768,6.273,5.441,5.46,5.801,5.517,5.536
122,4.88,82,52,80,5.053,5.406,5.267,5.282,5.087,5.23,5.244
123,6.03,57,32,54,7.395,8.053,6.405,6.294,7.367,6.755,6.633
124,5.2,107,64,104,5.367,5.562,5.273,5.292,5.359,5.323,5.34
125,6.32,90,60,89,5.415,5.79,5.272,5.291,5.457,5.316,5.337
126,5.35,256,149,254,5.84,6.155,5.426,5.442,6.03,5.604,5.619
127,6.73,62,44,59,7.082,7.201,6.359,6.312,7.31,6.339,6.291
128,5.9,127,93,121,5.88,6.482,5.624,5.648,5.966,5.655,5.671
129,7.5,89,35,88,7.974,9.279,7.17,7.204,7.973,7.345,7.384
130,5.3,76,45,75,6.04,6.273,5.973,5.956,6.231,5.985,5.963
131,6.41,166,106,163,7.162,7.04,6.25,6.261,7.175,6.41,6.403
132,5.6,155,102,154,8.055,8.479,7.258,7.275,8.057,7.357,7.377
133,7.6,137,89,136,9.187,10.014,8.382,8.392,9.152,8.414,8.421
134,5.3,95,52,95,4.921,5.283,5.07,5.077,4.992,5.128,5.134
135,4.9,147,88,145,7.48,7.801,6.581,6.551,7.393,6.638,6.607
136,6.17,74,56,72,6.633,6.733,5.826,5.845,6.642,5.914,5.92
137,10.1,73,50,71,8.276,8.204,7.592,7.577,8.244,7.554,7.535
138,5.7,106,62,104,6.815,7.813,5.985,5.987,6.585,5.956,5.955
139,5.6,92,56,90,5.597,6.684,5.462,5.485,5.648,5.539,5.558
140,6.5544,129,61,103,6.523,6.585,5.945,5.96,6.756,6.001,6.009
141,6.56,89,63,87,5.206,5.539,5.464,5.484,5.343,5.49,5.504
142,8.6,228,148,224,8.411,8.647,7.664,7.702,8.395,7.675,7.713
143,5.62,64,46,62,6.176,6.105,5.597,5.626,6.241,5.917,5.912
144,7.4,239,146,232,7.375,7.551,6.462,6.456,7.341,6.645,6.636
145,4.6,106,56,103,6.45,6.613,6.02,6.01,6.609,6.015,6.003
146,4.7,124,86,120,5.678,5.758,5.418,5.437,5.679,5.534,5.55
147,4.0,49,38,47,4.416,4.878,4.962,4.969,4.693,4.962,4.968
148,6.19,44,31,44,6.393,6.35,6.013,5.994,6.631,6.289,6.209
149,6.9,147,95,144,7.77,8.271,6.867,6.823,7.737,7.143,7.136
150,5.515,152,92,150,5.139,5.569,5.328,5.333,5.119,5.282,5.285
151,9.0,89,41,87,10.057,10.624,9.901,9.207,10.05,9.938,9.23
152,6.31,54,38,53,7.046,6.641,6.031,6.011,6.693,6.164,6.116
153,6.0,343,225,342,4.595,5.16,4.845,4.836,4.786,4.953,4.947
154,4.5,43,32,42,4.597,4.89,4.867,4.868,4.629,4.95,4.959
155,4.29,46,39,45,4.101,4.355,4.523,4.507,4.201,4.458,4.44
156,9.06,86,56,83,8.739,8.6,8.142,8.152,8.702,8.209,8.216
157,5.4,222,150,221,5.901,6.102,5.49,5.514,6.012,5.581,5.598
158,5.04,139,104,134,5.103,5.317,5.229,5.235,5.125,5.217,5.223
159,6.89,36,24,30,9.583,9.802,8.657,8.65,9.471,8.767,8.753
160,4.96,193,147,193,4.735,5.209,4.917,4.914,4.819,4.95,4.948
161,6.5,380,228,312,8.577,9.075,7.913,7.962,8.575,7.926,7.974
162,4.85,93,74,92,4.263,4.585,4.715,4.701,4.487,4.691,4.676
163,5.65,22,19,22,5.192,5.777,5.527,5.57,5.754,5.513,5.559
164,3.9,121,66,120,4.182,4.776,4.227,4.193,4.191,4.344,4.327
165,3.6,249,157,247,4.332,4.654,4.432,4.408,4.325,4.463,4.448
166,4.84,104,70,98,5.11,5.882,5.185,5.191,5.142,5.253,5.262
167,4.62,38,32,36,5.147,5.225,5.343,5.379,5.255,5.332,5.368
168,10.8,43,33,42,9.908,10.115,8.835,8.846,9.755,8.835,8.846
169,6.4,160,98,155,6.591,6.551,5.715,5.744,6.615,6.098,6.099
170,5.5,265,176,262,6.821,6.475,5.766,5.791,6.709,6.088,6.098
171,4.9,98,43,96,7.873,9.471,6.999,6.991,7.841,7.186,7.201
172,5.025,115,84,114,4.746,5.29,4.867,4.86,4.718,4.897,4.893
173,4.9,82,36,81,8.088,9.504,7.287,7.307,8.078,7.403,7.428
174,5.5,117,75,115,6.764,6.542,5.917,5.93,6.791,6.308,6.285
175,5.4,40,20,30,4.713,4.809,4.965,4.98,4.711,4.959,4.975
176,4.97,143,104,138,4.426,4.884,4.624,4.608,4.403,4.604,4.592
177,4.82333,54,41,45,4.377,4.659,4.748,4.74,4.459,4.733,4.724
178,6.0,134,92,133,6.347,6.5,5.693,5.722,6.29,5.737,5.755
179,9.05,68,31,67,8.417,9.257,7.673,7.727,8.397,7.674,7.728
180,6.3,20,14,19,6.047,5.979,5.657,5.695,5.831,5.657,5.695
181,7.2,141,97,140,8.195,8.788,7.36,7.393,8.166,7.473,7.505
182,5.3,138,88,137,4.944,5.591,5.229,5.235,4.962,5.127,5.13
183,4.9,230,181,226,4.739,5.179,5.046,5.041,4.834,5.008,5.003
184,6.6,157,112,153,6.109,6.335,5.672,5.691,6.276,5.895,5.898
185,4.2,118,69,116,6.544,7.281,5.982,5.992,6.538,6.383,6.341
186,10.0,123,75,122,8.543,9.369,7.788,7.823,8.532,7.808,7.843
187,3.5,61,34,59,5.09,5.552,5.257,5.285,5.268,5.225,5.255
188,7.05,66,38,62,7.96,8.73,7.058,6.995,7.909,7.127,7.078
189,5.3,93,60,89,5.237,5.363,5.154,5.169,5.225,5.188,5.205
190,3.55,97,72,96,6.621,7.18,5.75,5.772,6.638,5.909,5.918
191,6.7,230,145,228,6.581,6.579,5.922,5.933,6.609,5.973,5.982
192,6.37,97,43,77,6.575,6.81,5.924,5.938,6.797,6.025,6.029
193,6.7,103,66,102,7.473,8.384,6.409,6.389,7.439,6.839,6.811
194,5.765,78,44,70,6.776,8.417,6.133,6.098,7.03,6.529,6.424
195,6.3,164,89,135,7.54,8.127,6.598,6.56,7.571,6.961,6.947
196,5.7,316,213,305,5.761,6.09,5.453,5.467,5.794,5.445,5.459
197,5.7,171,125,170,5.709,6.37,5.637,5.656,5.878,5.693,5.701
198,4.92333,101,67,101,4.602,4.895,4.776,4.768,4.604,4.801,4.795
199,8.5,136,65,106,8.845,9.451,8.152,8.137,8.827,8.177,8.162
200,5.09,79,60,78,5.16,5.028,5.044,5.057,5.096,5.32,5.332
201,4.4,232,129,228,5.284,5.652,5.223,5.235,5.333,5.301,5.309
202,8.5,227,83,158,6.049,5.974,5.568,5.592,6.307,5.68,5.701
203,8.5,55,26,50,8.064,9.011,7.286,7.311,8.048,7.303,7.329
204,5.11,78,53,77,4.856,5.242,5.132,5.139,4.873,5.058,5.065
205,8.5,25,15,25,9.883,10.184,9.355,9.227,10.111,9.537,9.345
206,5.32455,209,138,181,5.89,6.334,5.681,5.69,6.004,5.728,5.735
207,5.0,139,94,135,7.361,7.344,6.537,6.482,7.242,6.573,6.514
208,5.55,93,73,92,5.385,5.641,5.384,5.402,5.558,5.395,5.413
209,6.0,100,72,95,5.548,5.705,5.43,5.446,5.569,5.43,5.446
210,5.42,99,62,96,7.025,6.95,5.904,5.917,6.748,6.108,6.095
211,11.0,48,17,46,9.222,11.094,8.587,8.576,9.21,8.628,8.61
212,6.3,49,40,49,6.314,6.126,5.602,5.641,6.332,5.96,5.959
213,4.96,120,88,119,4.747,4.837,4.937,4.935,4.723,4.897,4.894
214,5.13,60,43,55,4.756,5.333,4.959,4.963,4.832,5.042,5.052
215,6.05,164,121,160,6.182,6.09,5.514,5.538,6.181,5.544,5.567
216,5.15,91,70,90,4.843,5.232,5.143,5.149,4.947,5.148,5.155
217,5.9,170,119,169,7.287,7.398,6.289,6.28,7.287,6.609,6.582
218,4.9,144,106,141,4.797,5.131,5.017,5.016,4.858,5.022,5.021
219,5.75,70,49,68,6.674,6.137,5.671,5.689,6.444,5.942,5.931
220,4.83,96,76,94,4.733,4.966,4.8,4.791,4.795,4.953,4.955
221,6.8,99,61,97,6.472,7.084,5.566,5.592,6.337,5.85,5.859
222,6.64,191,148,187,6.367,6.234,5.761,5.781,6.606,6.189,6.178
223,5.75,174,109,172,6.383,6.627,5.643,5.668,6.524,6.022,6.025
224,4.9,161,122,160,7.668,8.344,6.294,6.249,7.637,7.222,7.193
225,5.52,50,36,45,6.764,6.426,5.95,5.941,6.804,6.205,6.136
226,4.92,60,43,59,4.297,4.778,4.632,4.621,4.393,4.622,4.613
227,4.9,305,218,297,5.278,5.699,5.366,5.371,5.381,5.422,5.425
228,8.38,100,77,95,9.956,9.827,8.925,8.939,9.802,8.983,8.998
229,5.16,111,60,100,5.548,5.915,5.384,5.397,5.375,5.402,5.418
230,4.2,29,21,28,4.616,4.969,5.077,5.112,4.735,5.091,5.13
231,5.21,209,96,127,5.727,6.055,5.408,5.415,5.678,5.562,5.571
232,5.34,93,44,56,5.617,6.179,5.725,5.727,5.672,5.728,5.732
233,5.16,83,61,80,5.539,6.82,5.53,5.55,5.587,5.606,5.625
234,7.2,93,62,90,8.059,8.24,7.105,7.011,7.979,7.286,7.241
235,4.1,110,71,110,5.3,5.458,5.263,5.275,5.38,5.372,5.387
236,5.142,85,66,84,6.845,7.399,6.019,5.988,6.645,6.097,6.056
237,7.8,248,162,242,7.097,7.471,6.322,6.322,7.105,6.678,6.678
238,4.7,222,164,221,6.448,6.714,5.892,5.919,6.827,5.898,5.925
239,4.83,28,17,27,6.564,6.663,6.224,6.082,6.525,6.224,6.082
240,8.5,80,49,76,8.063,8.401,7.124,7.008,7.978,7.178,7.086
241,4.34,149,99,147,5.326,6.117,5.293,5.302,5.385,5.423,5.434
242,4.92,79,59,78,4.796,4.916,4.916,4.917,4.756,4.927,4.928
243,8.33,247,166,245,7.937,8.752,7.128,7.169,7.925,7.204,7.248
244,8.7,66,19,65,7.326,9.051,6.572,6.559,7.325,6.572,6.559
245,5.34,61,43,57,5.441,5.618,5.561,5.583,5.398,5.537,5.562
246,4.99,111,81,107,4.974,5.483,5.025,5.026,4.959,5.151,5.153
247,7.0,219,100,146,6.839,7.017,5.832,5.847,6.726,6.112,6.103
248,5.5,146,104,143,5.211,5.594,5.153,5.167,5.346,5.237,5.25
249,4.7,77,55,76,5.565,5.691,5.636,5.65,5.545,5.622,5.639
250,5.41,76,53,74,5.39,5.683,5.451,5.467,5.292,5.459,5.477
251,5.3,59,33,56,7.767,8.201,7.003,6.948,7.761,7.043,6.992
252,6.7,286,187,263,6.782,6.984,5.923,5.944,6.796,6.6,6.59
253,4.85,134,97,130,5.218,5.745,5.144,5.152,5.248,5.3,5.308
254,6.9,174,111,161,6.864,6.772,5.89,5.917,6.852,6.253,6.249
255,5.6,164,113,163,5.972,6.224,5.541,5.565,6.218,5.706,5.723
256,6.8,151,88,146,6.772,6.657,6.104,6.099,6.778,6.449,6.402
257,8.3,119,71,111,8.384,9.04,7.658,7.702,8.377,7.688,7.732
258,6.4825,166,83,134,8.342,9.026,7.586,7.624,8.333,7.615,7.652
259,8.4,141,84,134,8.761,8.923,8.096,8.058,8.711,8.299,8.257
260,7.9,99,64,97,7.812,8.252,6.552,6.465,7.791,7.335,7.327
261,8.2,93,59,89,7.91,8.078,6.545,6.458,7.894,7.392,7.389
262,4.5,105,70,100,5.087,5.811,5.215,5.236,5.174,5.098,5.113
263,7.0975,80,63,79,8.887,9.306,7.826,7.81,8.776,8.083,8.082
264,4.92,95,72,94,4.669,4.908,4.749,4.738,4.605,4.783,4.776
265,9.24,28,10,23,7.519,8.234,6.733,6.643,7.519,6.759,6.673
266,5.062,119,79,117,4.903,5.452,5.083,5.089,5.001,5.071,5.08
267,5.0,244,132,233,6.317,6.855,5.862,5.878,6.463,6.076,6.072
268,5.49,85,63,84,5.483,5.613,5.214,5.237,5.685,5.331,5.359
269,5.06,128,90,122,4.505,4.948,4.896,4.893,4.629,4.805,4.799
270,2.86,89,59,87,3.763,4.164,3.88,3.837,3.707,3.862,3.831
271,4.83,97,57,66,4.714,4.805,4.861,4.853,4.672,4.878,4.872
272,4.873,54,28,41,6.87,6.852,6.009,5.992,6.795,6.016,5.998
273,7.5,144,75,140,6.018,6.535,5.449,5.475,6.059,5.904,5.9
274,4.9,100,65,96,4.903,5.581,4.941,4.938,5.019,5.117,5.127
275,5.44,92,62,91,5.579,5.799,5.705,5.721,5.949,5.763,5.769
276,6.0,89,61,88,7.491,8.258,6.437,6.331,7.485,6.981,6.919
277,5.3,86,64,85,5.352,5.574,5.978,5.949,5.445,5.676,5.682
278,6.86,161,108,156,8.03,8.24,7.339,7.355,7.965,7.29,7.299
279,9.5,133,82,130,8.581,9.067,7.959,7.974,8.552,7.983,7.997
280,4.42187,185,157,180,4.051,4.173,4.26,4.23,4.031,4.222,4.195
281,4.6,360,267,323,4.959,5.474,5.156,5.162,5.051,5.098,5.1
282,4.5,285,208,281,4.466,4.8,4.697,4.686,4.509,4.701,4.691
283,4.0,131,60,110,7.104,7.205,6.179,6.177,7.047,6.462,6.424
284,4.9,168,121,164,5.123,5.541,5.189,5.2,5.26,5.196,5.206
285,6.0,129,84,127,5.906,6.645,5.746,5.76,6.027,5.807,5.811
286,6.9,144,92,141,7.176,7.426,6.25,6.221,7.26,6.629,6.578
287,6.22,145,91,142,7.617,7.977,6.825,6.781,7.648,7.024,7.009
288,5.6,40,31,39,7.53,6.396,6.011,6.0,7.548,7.025,6.946
289,4.9,121,70,116,3.862,4.213,4.045,4.001,3.943,4.095,4.062
290,4.905,171,129,170,4.821,5.475,5.232,5.228,4.981,5.194,5.192
291,6.2,99,67,99,6.993,6.935,6.145,6.142,6.839,6.117,6.106
292,5.8625,137,88,135,6.382,7.09,5.864,5.878,6.488,5.907,5.913
293,4.93,66,44,65,4.588,4.76,4.643,4.636,4.451,4.627,4.621
294,5.1,98,67,97,7.903,8.701,6.929,6.852,7.844,7.184,7.163
295,7.2,103,71,102,9.324,9.649,8.506,8.493,9.261,8.543,8.528
296,7.10909,67,45,65,8.309,8.855,7.508,7.507,8.289,7.586,7.591
297,6.8,90,72,88,8.816,8.842,7.691,7.669,8.685,7.808,7.793
298,8.55,83,46,68,8.937,9.298,8.224,8.231,8.908,8.233,8.238
299,7.282,155,97,152,9.377,9.761,8.622,8.58,9.299,8.684,8.632
300,5.87,66,48,65,6.635,5.914,5.502,5.536,6.522,5.854,5.869
301,5.4,143,103,142,6.607,6.689,5.879,5.9,6.763,5.946,5.96
302,6.94333,157,106,151,7.376,7.237,6.356,6.303,7.325,6.815,6.7
303,6.11,71,37,70,5.852,6.242,5.553,5.587,5.744,5.523,5.551
304,7.35,134,90,130,8.724,9.393,7.92,7.954,8.684,7.931,7.965
305,4.88,90,59,89,4.732,5.217,4.861,4.859,4.863,4.998,5.007
306,5.5,123,77,120,6.319,6.097,5.332,5.352,6.232,5.902,5.902
307,3.5,36,16,31,4.123,4.18,4.372,4.36,4.122,4.381,4.372
308,4.6,66,51,64,5.977,5.877,5.533,5.565,5.845,5.572,5.595
309,8.82,45,36,43,8.827,9.159,7.805,7.796,8.721,7.804,7.795
310,6.6,52,31,49,7.096,6.921,5.961,5.971,6.901,5.95,5.962
311,4.83,80,61,78,4.486,4.752,4.789,4.779,4.472,4.717,4.707
312,5.78,99,65,97,6.591,6.545,5.635,5.658,6.325,5.902,5.901
313,5.1,239,156,234,5.81,6.319,5.493,5.511,5.889,5.689,5.699
314,5.32,192,131,192,4.946,5.513,5.199,5.206,5.12,5.211,5.214
315,4.83,104,85,103,4.559,4.934,4.871,4.863,4.677,4.901,4.894
316,5.175,95,77,91,5.97,6.384,5.488,5.509,5.907,5.726,5.735
317,4.7,83,52,81,5.937,5.932,5.585,5.614,6.027,5.618,5.641
318,6.49,105,76,104,7.649,7.716,6.291,6.243,7.15,6.437,6.369
319,6.64,72,52,65,7.835,7.073,7.104,6.995,7.796,7.281,7.241
320,5.3,109,78,109,5.099,5.481,5.292,5.303,5.226,5.359,5.37
321,5.92,72,59,69,7.954,7.937,6.544,6.393,7.868,7.29,7.203
322,4.8575,226,173,225,4.503,4.869,4.778,4.762,4.555,4.746,4.73
323,5.22,158,102,155,4.822,5.36,5.059,5.068,4.996,5.048,5.056
324,6.1,164,111,163,7.121,7.573,6.048,6.061,7.127,6.667,6.646
325,5.01333,57,45,56,4.728,5.019,4.945,4.955,4.712,4.876,4.882
326,7.37,52,38,50,5.599,5.481,5.371,5.405,5.609,5.421,5.449
327,9.4,83,52,77,9.371,9.405,8.618,8.614,9.326,8.694,8.689
328,5.99,32,28,31,7.615,7.469,6.444,6.282,7.43,6.446,6.284
329,4.84,55,35,54,4.755,5.134,4.955,4.961,4.781,5.001,5.01
330,4.5,228,155,228,5.802,5.908,5.578,5.601,6.016,5.628,5.642
331,5.1,231,148,226,5.983,5.914,5.406,5.423,6.067,5.82,5.826
332,7.0,112,71,109,7.235,7.398,6.369,6.349,7.281,6.7,6.671
333,5.665,125,83,119,5.934,5.901,5.624,5.648,6.14,5.932,5.93
334,6.56,117,78,114,8.03,8.333,7.204,7.19,8.025,7.38,7.386
335,5.5,185,129,183,6.132,6.275,5.635,5.659,6.315,5.84,5.851
336,7.2,140,105,138,7.39,7.248,6.333,6.321,7.341,6.784,6.736
337,6.67667,136,102,131,7.205,6.735,6.151,6.154,7.139,6.741,6.697
338,6.6,140,106,139,7.177,6.915,6.197,6.2,6.991,6.503,6.469
339,5.34,69,53,68,5.525,5.863,5.472,5.498,5.601,5.64,5.654
340,7.43,110,73,106,8.154,8.372,7.352,7.372,8.135,7.383,7.404
341,7.5,197,120,196,8.029,9.017,7.244,7.282,8.01,7.3,7.337
342,5.27,149,105,145,5.082,5.417,5.16,5.168,5.077,5.155,5.162
343,6.8,168,116,166,6.969,7.069,6.231,6.22,7.062,6.507,6.472
344,6.7,125,91,123,6.908,6.435,5.928,5.942,6.781,6.191,6.168
345,5.135,56,38,55,4.903,5.177,5.079,5.099,5.08,5.159,5.179
346,4.92,92,74,90,4.831,5.071,4.983,4.987,4.772,4.938,4.942
347,6.77333,98,67,96,6.337,6.417,5.607,5.634,6.315,5.812,5.824
348,4.69,291,196,289,5.502,6.004,5.408,5.42,5.529,5.471,5.478
349,4.8,81,59,80,4.992,5.482,5.462,5.481,5.201,5.344,5.36
350,10.7,61,39,60,8.323,9.574,7.5,7.52,8.313,7.5,7.52
351,4.35,84,56,81,4.178,3.964,4.165,4.131,4.052,4.247,4.22
352,4.9,171,106,151,6.458,6.568,5.85,5.868,6.728,6.039,6.045
353,5.3,59,20,42,6.922,6.525,5.323,5.366,6.901,6.439,6.391
354,5.9,59,42,57,5.1,5.251,5.335,5.368,5.25,5.285,5.305
355,6.1,148,103,146,6.585,6.643,5.888,5.905,6.621,6.098,6.091
356,4.6,397,226,334,6.154,6.438,5.621,5.646,6.245,5.767,5.782
357,4.81,59,43,58,4.527,4.753,4.739,4.733,4.494,4.739,4.734
358,4.82,49,25,49,5.136,5.431,5.561,5.596,5.231,5.567,5.602
359,3.9,232,144,226,4.62,5.333,4.874,4.866,4.741,4.846,4.842
360,7.08786,218,171,216,7.586,7.685,6.8,6.706,7.744,6.809,6.71
361,5.38,99,63,93,5.367,5.749,5.256,5.274,5.285,5.298,5.314
362,8.8,133,79,131,7.803,8.313,7.0,6.906,7.803,7.238,7.205
363,5.81857,141,87,135,6.46,6.512,5.589,5.605,6.32,5.857,5.865
364,5.522,109,67,106,7.036,7.853,5.786,5.805,6.783,6.213,6.193
365,5.5,79,48,77,5.154,5.653,5.462,5.483,5.453,5.421,5.445
366,5.0,69,40,67,4.816,5.049,4.923,4.925,4.765,4.942,4.945
367,8.46,406,189,201,8.85,9.147,8.095,8.11,8.829,8.111,8.124
368,5.77,107,78,106,5.709,5.853,5.489,5.517,5.809,5.515,5.536
369,4.88889,157,121,156,4.4,4.829,4.846,4.835,4.599,4.842,4.831
370,6.3,137,93,137,5.495,5.909,5.436,5.448,5.546,5.53,5.542
371,4.0,81,60,79,3.775,4.045,4.085,4.043,3.794,3.965,3.93
372,7.6,81,31,80,8.218,9.557,7.453,7.504,8.205,7.543,7.59
373,3.7,57,26,52,4.016,4.32,4.181,4.153,4.033,4.273,4.253
374,4.99,152,117,150,4.659,5.054,5.023,5.018,4.782,4.993,4.986
375,5.2,83,59,81,4.239,4.812,4.587,4.574,4.307,4.506,4.496
376,6.0,236,150,231,7.306,7.78,6.466,6.475,7.22,6.515,6.518
377,4.815,76,54,74,4.284,4.663,4.598,4.578,4.353,4.598,4.581
378,5.8,110,64,108,5.865,5.799,5.483,5.512,5.987,5.51,5.534
379,4.92,35,30,34,4.726,4.964,5.053,5.071,4.782,5.023,5.041
380,6.83,131,93,129,8.484,9.432,7.648,7.672,8.44,7.677,7.7
381,8.0,84,28,83,6.857,6.693,5.924,5.928,6.86,6.521,6.48
382,8.35,81,33,80,7.549,8.198,6.599,6.557,7.551,6.973,6.978
383,4.85,57,28,56,7.342,7.697,6.477,6.374,7.428,6.723,6.616
384,6.5,126,79,123,7.082,6.797,6.076,6.091,6.98,6.026,6.043
385,5.545,87,64,84,6.101,6.044,5.579,5.609,6.097,5.701,5.719
386,5.18,180,131,179,5.016,5.365,5.132,5.135,5.101,5.143,5.148
387,8.7,66,20,65,7.544,9.378,6.773,6.788,7.554,6.838,6.858
388,6.29866,259,164,252,7.148,7.208,6.275,6.287,7.149,6.499,6.504
389,5.705,80,53,78,5.864,5.859,5.436,5.467,6.111,5.418,5.452
390,5.3625,284,196,279,5.123,5.486,5.261,5.265,5.203,5.269,5.27
391,6.5,27,19,21,8.849,8.734,7.526,7.284,8.684,7.526,7.284
392,4.4,50,34,49,4.888,5.15,4.957,4.971,4.849,4.961,4.977
393,6.53,496,246,220,7.175,7.409,6.41,6.421,7.259,6.667,6.67
394,4.88667,126,105,125,4.543,4.87,4.829,4.819,4.652,4.819,4.81
395,7.8,158,91,155,8.62,9.301,7.888,7.934,8.604,7.907,7.952
396,8.9,174,136,171,8.964,9.043,8.032,8.038,8.847,8.041,8.046
397,8.6,74,44,73,8.583,9.157,8.365,8.332,8.543,7.963,7.952
398,8.9,90,53,84,9.243,9.771,8.659,8.645,9.177,8.661,8.647
399,6.3,42,25,39,8.793,9.347,7.954,7.966,8.762,7.985,7.997
400,5.3,139,93,134,5.531,5.987,5.316,5.338,5.762,5.418,5.44
401,4.0,235,115,176,4.045,4.267,4.275,4.242,4.1,4.259,4.231
402,5.42,190,127,190,5.244,5.695,5.336,5.343,5.326,5.345,5.351
403,9.1,67,37,66,8.619,10.042,7.854,7.906,8.608,7.888,7.938
404,4.2,78,54,74,4.512,4.807,4.947,4.954,4.662,4.848,4.846
405,5.25,230,145,227,5.42,5.87,5.346,5.355,5.457,5.351,5.362
406,8.995,109,78,108,7.243,6.811,6.236,6.218,7.157,6.5,6.46
407,5.3,182,129,181,6.324,6.26,5.549,5.573,6.287,5.731,5.749
408,7.6,100,73,99,7.663,8.203,6.713,6.641,7.665,6.963,6.9
409,5.9,99,69,97,6.93,7.11,5.991,6.0,6.869,6.11,6.103
410,6.5,165,108,160,6.941,6.644,6.232,6.232,6.925,6.344,6.319
411,4.71,56,41,49,4.464,4.91,4.747,4.741,4.541,4.74,4.737
412,4.80667,34,27,34,4.648,4.654,4.676,4.667,4.537,4.83,4.836
413,5.27,299,117,173,4.773,5.026,5.021,5.015,4.826,5.0,4.992
414,4.9,124,53,83,4.093,4.335,4.44,4.426,4.243,4.459,4.447
415,3.5,141,84,133,5.022,5.531,4.845,4.84,5.109,5.169,5.176
416,6.5,78,49,77,5.255,5.289,5.388,5.409,5.464,5.469,5.487
417,5.895,205,127,197,5.646,6.034,5.591,5.611,5.689,5.594,5.602
418,5.92333,61,41,60,6.762,6.762,6.088,6.054,6.828,6.073,6.042
419,6.08,177,128,173,6.379,5.991,5.661,5.677,6.401,6.07,6.055
420,5.4,244,177,239,5.795,6.088,5.584,5.597,5.941,5.653,5.663
421,6.0,112,87,111,6.599,7.202,5.907,5.902,6.428,5.97,5.961
422,6.0,98,76,96,5.956,6.309,5.904,5.905,5.982,6.064,6.024
423,4.7,77,50,77,5.268,5.471,5.221,5.246,5.365,5.316,5.339
424,4.5,233,172,231,5.035,5.385,5.203,5.208,5.095,5.171,5.173
425,4.8,144,78,143,4.744,4.999,4.91,4.904,4.677,4.91,4.904
426,3.6,146,65,108,3.971,4.207,4.146,4.109,3.999,4.172,4.142
427,8.0,81,57,77,9.062,9.471,8.132,8.135,8.947,8.155,8.157
428,6.31,158,110,156,7.868,8.216,6.899,6.887,7.803,7.255,7.267
429,4.8,146,100,144,4.402,4.811,4.759,4.745,4.523,4.724,4.709
430,5.8,78,52,75,5.17,5.51,5.193,5.214,5.276,5.223,5.242
431,4.9,98,66,96,5.985,5.834,5.533,5.559,6.267,5.741,5.758
432,4.7,53,40,51,4.982,5.345,5.071,5.083,4.914,5.113,5.13
433,5.63,145,97,143,5.371,5.546,5.377,5.381,5.211,5.377,5.381
434,5.474,153,104,152,5.478,5.616,5.516,5.519,5.345,5.56,5.561
435,5.64,109,82,105,5.461,5.741,5.495,5.513,5.529,5.444,5.463
436,4.89,199,158,194,4.79,5.253,4.961,4.949,4.862,5.053,5.045
437,5.518,106,81,105,5.375,5.357,5.283,5.306,5.438,5.285,5.303
438,5.0,179,134,175,4.324,4.731,4.591,4.573,4.391,4.592,4.577
439,5.24,96,62,84,5.098,5.504,5.189,5.197,5.049,5.202,5.211
440,4.68,57,43,54,4.256,4.61,4.566,4.545,4.307,4.547,4.528
441,7.35,129,92,126,9.164,9.527,8.299,8.298,9.109,8.314,8.313
442,8.3,129,88,124,8.742,8.968,7.907,7.912,8.703,7.958,7.962
443,5.1,93,58,87,5.863,5.925,5.797,5.815,5.926,5.703,5.716
444,5.0525,63,48,63,4.667,5.098,4.984,4.992,4.779,4.978,4.984
445,5.75,195,120,191,6.72,6.713,5.814,5.84,6.727,6.223,6.217
446,5.02333,66,50,65,4.85,5.459,4.984,4.992,4.894,5.021,5.033
447,5.98667,556,390,312,6.518,6.563,5.598,5.609,6.449,6.143,6.142
448,5.3,78,52,77,5.305,5.317,4.983,4.995,5.383,5.266,5.29
449,8.75,121,97,120,8.257,9.054,7.354,7.368,8.228,7.479,7.499
450,6.1,140,91,135,7.344,7.178,6.431,6.406,7.274,6.683,6.644
451,5.18,98,69,96,4.872,5.392,5.155,5.165,4.997,5.113,5.123
452,3.5,176,111,175,6.172,5.921,5.41,5.435,6.173,5.737,5.753
453,8.1,143,82,141,5.186,5.659,5.176,5.182,5.284,5.266,5.277
454,6.2,158,97,152,5.584,6.108,5.843,5.864,5.666,5.605,5.615
455,5.12,160,106,150,5.238,5.508,5.325,5.338,5.353,5.361,5.371
456,4.89,119,79,118,4.468,5.111,4.933,4.928,4.697,4.9,4.898
457,3.5,112,75,110,4.512,4.613,4.682,4.672,4.571,4.682,4.673
458,6.3,294,178,285,7.286,7.156,6.346,6.343,7.242,6.682,6.661
459,6.3,290,181,286,6.95,7.092,6.163,6.171,6.927,6.39,6.378
460,5.6,116,64,103,7.041,6.964,6.057,6.072,7.044,6.558,6.523
461,5.17,85,64,79,5.203,5.584,5.385,5.391,5.085,5.372,5.379
462,5.78,104,64,103,5.285,5.738,5.528,5.554,5.377,5.351,5.368
463,7.55,63,46,61,8.242,8.814,7.361,7.351,8.212,7.458,7.46
464,5.0225,102,61,101,5.217,5.712,5.106,5.11,5.347,5.34,5.362
465,4.65,73,49,71,6.324,6.337,5.371,5.402,6.411,5.711,5.738
466,6.05,39,28,37,6.157,6.283,5.693,5.726,6.546,5.692,5.725
467,5.33,69,45,68,5.805,5.621,5.243,5.27,5.854,5.538,5.563
468,5.92,70,55,69,5.852,6.606,5.688,5.712,5.897,5.591,5.616
469,4.85,165,119,163,5.808,5.702,5.572,5.589,5.97,5.758,5.764
470,7.05,45,31,43,8.06,8.028,7.513,7.33,8.046,7.45,7.324
471,8.3,148,49,68,9.065,9.299,8.245,8.257,9.048,8.253,8.265
472,4.68,95,60,85,4.528,4.698,4.82,4.816,4.578,4.785,4.78
473,4.45,157,85,156,7.45,7.796,6.39,6.386,7.473,6.942,6.95
474,5.4,93,63,92,6.755,6.413,5.83,5.858,6.649,6.132,6.124
475,5.11333,114,90,113,4.895,5.261,5.041,5.038,4.913,5.09,5.088
476,3.9,127,75,124,4.09,4.531,4.218,4.194,4.098,4.306,4.29
477,4.2,85,60,84,4.524,4.976,4.811,4.805,4.586,4.797,4.79
478,5.3,155,95,146,6.688,7.023,6.085,6.086,6.91,6.295,6.271
479,6.19,149,94,147,5.076,5.27,5.099,5.102,4.957,5.099,5.102
480,3.09,82,49,81,3.757,4.307,3.98,3.943,3.825,4.014,3.991
481,6.5,86,62,84,6.663,6.63,5.961,5.961,6.706,5.948,5.95
482,5.1,86,57,85,4.91,5.455,5.266,5.276,5.037,5.234,5.246
483,6.92,134,75,130,7.678,8.115,6.885,6.812,7.663,6.956,6.9
484,5.6,63,36,57,5.682,5.442,5.353,5.381,5.707,5.4,5.43
485,8.58,52,22,51,7.943,9.3,7.154,7.176,7.937,7.22,7.247
486,5.06333,103,70,101,5.059,5.439,5.105,5.105,5.105,5.294,5.303
487,5.2,109,69,108,5.148,5.45,5.18,5.189,5.166,5.259,5.269
488,5.38,39,32,38,5.515,5.604,5.43,5.47,5.697,5.43,5.47
489,5.78333,65,46,61,6.328,5.982,5.364,5.398,6.195,5.525,5.559
490,4.6375,133,115,130,4.194,4.552,4.532,4.518,4.3,4.515,4.499
491,5.3,155,96,151,5.205,5.91,5.253,5.261,5.366,5.36,5.371
492,5.76,110,88,109,5.664,5.957,5.543,5.562,5.619,5.476,5.491
493,5.22,126,84,123,4.885,5.285,5.136,5.141,5.011,5.117,5.121
494,7.0,234,150,232,4.873,5.159,5.033,5.03,4.887,5.045,5.042
495,4.83,146,107,145,4.606,4.791,4.805,4.797,4.646,4.843,4.837
496,7.0,206,147,203,5.475,6.052,5.338,5.35,5.603,5.503,5.513
497,5.31,142,101,140,4.922,6.139,5.168,5.176,5.062,5.134,5.142
498,5.17,132,98,130,4.882,5.316,5.115,5.121,4.99,5.087,5.092
499,6.0,86,50,59,5.889,6.037,5.638,5.654,5.888,5.638,5.654
500,4.2,147,84,143,6.109,6.313,5.395,5.42,6.106,5.885,5.886
501,5.24,80,63,78,4.815,5.702,5.303,5.315,4.948,5.159,5.17
502,5.0,127,86,124,5.47,5.702,5.399,5.42,5.517,5.331,5.35
503,8.4,70,48,67,6.534,7.361,6.309,6.266,6.826,6.375,6.302
504,5.1,165,110,162,6.297,6.473,5.658,5.676,6.328,5.934,5.936
505,5.89,52,41,51,6.06,5.953,5.539,5.575,6.065,5.752,5.766
506,5.3,186,106,185,6.496,6.565,5.922,5.942,6.788,5.955,5.971
507,7.3,63,34,58,8.793,9.155,8.084,8.111,8.769,8.097,8.125
508,5.285,93,58,87,5.132,5.559,5.328,5.343,5.27,5.297,5.315
509,4.85,102,67,94,5.035,5.74,5.243,5.257,5.205,5.229,5.243
510,5.56,212,118,175,5.313,5.503,5.354,5.367,5.5,5.466,5.473
511,5.1,155,91,151,6.668,6.965,5.776,5.802,6.706,6.416,6.382
512,4.96667,127,80,126,4.975,5.167,5.022,5.02,4.87,5.054,5.053
513,4.5,177,128,173,4.295,4.818,4.634,4.617,4.417,4.611,4.596
514,5.54,75,51,70,5.649,5.557,5.135,5.156,5.886,5.451,5.479
515,4.55,125,79,123,5.056,5.379,5.115,5.125,5.132,5.159,5.168
516,4.7,58,34,57,4.842,5.013,5.08,5.089,4.856,5.123,5.134
517,4.84,57,39,56,4.387,4.852,4.876,4.879,4.637,4.864,4.867
518,5.0,134,75,132,5.279,5.431,5.376,5.402,5.306,5.31,5.323
519,7.0,135,95,129,7.114,7.001,6.123,6.125,7.054,6.684,6.633
520,3.6,440,304,250,4.096,4.401,4.379,4.349,4.226,4.374,4.349
521,4.85,79,49,78,4.518,4.713,4.889,4.893,4.607,4.786,4.783
522,5.41,98,78,96,5.514,5.918,5.242,5.256,5.568,5.619,5.63
523,7.9,276,152,272,9.046,9.608,8.549,8.509,9.047,8.617,8.569
524,5.6,155,113,150,5.005,5.583,5.058,5.058,4.991,5.076,5.079
525,7.0,43,33,42,6.124,6.076,5.844,5.871,6.454,5.958,5.953
526,5.33,71,53,68,5.358,5.558,5.217,5.24,5.574,5.453,5.48
527,4.545,151,122,148,4.18,4.543,4.554,4.535,4.288,4.514,4.496
528,6.5,57,41,56,6.842,6.263,5.945,5.929,6.567,5.947,5.931
529,7.1,92,65,90,7.843,8.244,6.89,6.824,7.798,7.136,7.115
530,8.32,95,70,93,8.49,8.985,7.632,7.649,8.438,7.675,7.692
531,7.99333,93,65,93,8.348,9.018,7.535,7.553,8.321,7.588,7.608
532,6.88,79,52,76,7.374,7.81,6.345,6.314,7.349,6.559,6.48
533,5.06,138,96,128,5.442,5.858,5.401,5.412,5.498,5.524,5.532
534,8.04857,44,35,43,8.342,8.652,7.334,7.245,8.287,7.335,7.246
535,9.4,95,52,94,7.874,8.814,6.907,6.839,7.868,7.322,7.323
536,9.05154,42,33,42,8.922,9.298,7.939,7.938,8.816,7.964,7.963
537,5.2,100,64,100,6.618,6.87,5.936,5.939,6.804,6.087,6.067
538,6.75,280,194,275,6.526,6.892,6.033,6.043,6.657,6.258,6.249
539,4.8,112,67,111,7.549,8.001,6.407,6.376,7.577,6.949,6.905
540,3.13,24,11,20,3.971,4.637,4.558,4.545,4.13,4.419,4.404
541,5.12667,127,101,125,4.87,5.128,5.063,5.066,4.902,5.067,5.067
542,5.7,64,46,62,6.461,6.632,6.016,5.989,6.443,6.16,6.107
543,5.12,128,78,126,5.073,5.446,5.205,5.205,5.122,5.318,5.321
544,9.65,93,31,60,9.673,10.217,9.088,8.95,9.678,9.123,8.973
545,5.4,118,84,116,6.232,6.283,5.675,5.704,6.224,5.642,5.666
546,6.7,121,74,119,7.295,7.517,6.424,6.404,7.205,6.455,6.424
547,5.475,236,135,232,5.916,6.673,5.465,5.476,6.026,5.72,5.73
548,5.544,153,119,152,5.463,5.911,5.42,5.435,5.567,5.391,5.405
549,4.1,76,49,75,4.382,4.92,4.812,4.817,4.747,4.89,4.896
550,4.55,116,64,113,6.663,6.665,6.188,6.172,6.933,6.178,6.161
551,4.9,239,68,118,5.998,6.082,5.524,5.545,6.232,5.574,5.595
552,5.1,43,28,42,5.428,5.685,5.773,5.786,5.297,5.629,5.655
553,5.29,106,61,105,6.174,5.869,5.324,5.35,6.236,5.903,5.909
554,4.9,105,71,105,5.83,5.964,5.422,5.445,5.929,5.615,5.634
555,5.08,297,197,288,5.179,5.879,5.288,5.294,5.281,5.327,5.329
556,5.88,68,44,66,4.714,4.92,5.013,5.021,4.761,4.955,4.96
557,4.7,72,57,71,4.911,5.398,5.241,5.255,4.935,5.16,5.171
558,4.88,179,116,175,7.945,7.497,7.238,7.232,7.914,7.315,7.314
559,3.7,68,46,66,4.233,4.625,4.339,4.309,4.326,4.53,4.513
560,7.28,97,64,96,7.537,7.743,6.993,6.915,7.411,6.888,6.832
561,6.9,88,65,87,8.058,8.208,7.058,6.981,7.954,7.232,7.196
562,6.8,60,34,59,5.261,5.29,5.033,5.047,5.147,5.425,5.456
563,9.33,31,14,30,7.373,7.394,6.324,6.243,7.247,6.33,6.249
564,4.4,11,5,10,5.412,5.484,5.398,5.506,5.46,5.398,5.506
565,4.3,65,46,64,4.617,4.793,4.757,4.746,4.738,4.932,4.932
566,4.5,20,8,19,7.19,7.167,6.282,6.124,7.234,6.282,6.124
567,5.1,125,85,120,6.002,6.152,5.624,5.647,6.122,5.771,5.781
568,8.2,67,48,66,7.766,7.574,6.528,6.389,7.536,6.809,6.679
569,6.0,7,3,6,4.429,4.894,5.201,5.308,4.619,5.201,5.308
570,6.8,51,31,49,7.349,7.552,6.492,6.406,7.449,6.74,6.66
571,7.9,127,92,123,7.227,7.093,6.224,6.189,6.923,6.162,6.13
572,3.9,113,77,111,4.704,4.57,4.717,4.708,4.734,4.833,4.83
573,6.7,47,37,46,7.254,6.739,5.992,5.975,7.147,6.728,6.593
574,4.64,49,28,49,4.628,4.618,4.959,4.963,4.647,4.943,4.951
575,8.1,67,45,65,9.461,9.706,8.548,8.552,9.377,8.569,8.572
576,10.0,144,83,140,7.442,8.074,6.463,6.426,7.282,6.802,6.742
577,6.0,24,15,23,4.165,4.426,4.514,4.502,4.248,4.557,4.551
578,5.8,45,25,45,5.328,5.472,5.248,5.284,5.363,5.26,5.293
579,5.0,81,62,79,7.309,7.087,6.302,6.258,7.331,6.816,6.731
580,6.6,36,25,35,6.668,6.843,6.101,6.079,6.926,6.22,6.163
581,6.0,87,55,84,6.402,6.075,5.686,5.718,6.677,6.006,6.005
