seq_no,source,exp_pI,pI_pKALM
1,esm_pred,5.7,5.217
2,esm_pred,4.4,4.722
3,exp_fixed,9.8,7.461
4,esm_pred,4.99,4.868
5,esm_pred,8.3,7.885
6,esm_pred,3.93,4.809
7,exp_fixed,6.2,5.701
8,esm_pred,6.1,5.697
9,esm_pred,4.2,5.953
10,esm_pred,4.5,3.792
11,exp_fixed,7.02,7.339
12,esm_pred,6.6,4.706
13,esm_pred,5.3,5.147
14,esm_pred,7.3,5.232
15,esm_pred,7.1,5.16
16,esm_pred,5.3,5.052
17,esm_pred,3.5,4.675
18,esm_pred,6.3,5.633
19,exp_filled,5.8,5.768
20,esm_pred,7.1,6.287
21,esm_pred,4.75,4.361
22,esm_pred,4.2,5.217
23,esm_pred,5.05,5.569
24,esm_pred,4.65,4.82
25,esm_pred,8.0,6.802
26,esm_pred,7.3,6.372
27,esm_pred,5.8,5.046
28,exp_fixed,5.99,6.673
29,exp_fixed,5.75,5.856
30,esm_pred,5.175,5.353
31,exp_fixed,4.96,5.396
32,exp_fixed,5.99,5.019
33,exp_fixed,10.1,8.589
34,exp_fixed,5.57,5.624
35,esm_pred,6.08,5.5
36,esm_pred,4.84,4.718
37,esm_pred,4.95,4.678
38,exp_filled,4.085,4.063
39,exp_filled,5.44,4.948
40,esm_pred,6.1,4.73
41,exp_filled,5.25667,5.347
42,exp_fixed,6.67,6.475
43,exp_fixed,8.95,8.572
44,exp_fixed,5.01,4.835
45,esm_pred,5.265,5.002
46,esm_pred,5.9,5.046
47,esm_pred,6.3,6.257
48,esm_pred,6.59,7.698
49,esm_pred,4.7,5.182
50,esm_pred,4.83,4.725
51,esm_pred,7.7,5.113
52,esm_pred,7.96,5.226
53,esm_pred,4.96077,5.906
54,exp_fixed,5.43667,5.531
55,exp_fixed,5.08,4.909
56,esm_pred,5.3,4.507
57,esm_pred,5.8,5.18
58,esm_pred,7.3,7.409
59,exp_fixed,5.05333,5.05
60,esm_pred,4.9,5.901
61,esm_pred,5.14,4.794
62,exp_fixed,5.12,5.031
63,esm_pred,4.75,4.762
64,esm_pred,9.1,8.803
65,esm_pred,6.95,7.129
66,esm_pred,5.5,5.452
67,esm_pred,5.55,6.475
68,exp_fixed,4.11667,4.534
69,esm_pred,4.6,5.166
70,esm_pred,5.31,6.807
71,esm_pred,3.85,5.513
72,esm_pred,6.1,6.517
73,exp_fixed,5.915,5.756
74,exp_fixed,4.25,4.706
75,exp_fixed,5.25333,5.149
76,esm_pred,6.79,6.232
77,esm_pred,4.9,4.642
78,exp_fixed,4.72833,4.712
79,esm_pred,4.58,5.405
80,esm_pred,4.85,4.879
81,esm_pred,5.69,5.703
82,esm_pred,6.85,5.819
83,exp_fixed,5.4,6.587
84,exp_fixed,7.2,7.147
85,exp_fixed,7.4,7.267
86,esm_pred,5.26,5.567
87,esm_pred,4.7,4.978
88,esm_pred,4.7,4.599
89,exp_fixed,6.7,7.849
90,esm_pred,4.56,4.402
91,esm_pred,5.34571,5.122
92,esm_pred,5.3465,5.85
93,esm_pred,4.8,4.844
94,esm_pred,5.1,5.721
95,esm_pred,5.4,5.809
96,esm_pred,5.1,5.024
97,exp_fixed,5.35533,5.493
98,exp_fixed,5.3,4.876
99,esm_pred,6.0,4.896
100,esm_pred,5.8,6.604
101,exp_filled,6.56,5.826
102,exp_fixed,8.07,9.242
103,esm_pred,5.27,5.464
104,exp_fixed,6.15,6.136
105,exp_fixed,5.435,5.316
106,esm_pred,5.91667,7.611
107,esm_pred,6.74,5.554
108,esm_pred,4.8,4.773
109,esm_pred,6.1,5.836
110,exp_fixed,6.3,7.592
111,esm_pred,5.17,6.345
112,esm_pred,4.955,5.459
113,exp_fixed,6.0,5.438
114,esm_pred,5.23,5.891
115,exp_fixed,5.6,6.333
116,esm_pred,6.955,6.167
117,esm_pred,7.24,5.884
118,exp_fixed,5.4,5.16
119,exp_fixed,5.23,5.062
120,esm_pred,5.02,5.039
121,esm_pred,5.99,5.234
122,esm_pred,4.88,5.354
123,esm_pred,6.03,5.843
124,esm_pred,5.2,4.892
125,esm_pred,6.32,5.224
126,esm_pred,5.35,5.225
127,esm_pred,6.73,7.594
128,esm_pred,5.9,5.645
129,esm_pred,7.5,8.264
130,esm_pred,5.3,6.292
131,esm_pred,6.41,6.612
132,esm_pred,5.6,6.114
133,esm_pred,7.6,8.21
134,exp_filled,5.3,5.102
135,esm_pred,4.9,7.127
136,esm_pred,6.17,5.352
137,esm_pred,10.1,7.693
138,esm_pred,5.7,6.105
139,exp_fixed,5.6,5.379
140,exp_fixed,6.5544,7.388
141,esm_pred,6.56,5.014
142,esm_pred,8.6,7.529
143,esm_pred,5.62,5.65
144,esm_pred,7.4,6.111
145,esm_pred,4.6,5.775
146,esm_pred,4.7,5.465
147,exp_fixed,4.0,5.102
148,exp_fixed,6.19,5.648
149,esm_pred,6.9,6.367
150,esm_pred,5.515,5.761
151,esm_pred,9.0,8.31
152,esm_pred,6.31,5.986
153,esm_pred,6.0,4.599
154,esm_pred,4.5,5.621
155,esm_pred,4.29,4.838
156,esm_pred,9.06,7.797
157,esm_pred,5.4,5.543
158,esm_pred,5.04,4.886
159,exp_fixed,6.89,6.806
160,exp_fixed,4.96,4.632
161,esm_pred,6.5,8.363
162,esm_pred,4.85,4.969
163,exp_fixed,5.65,5.179
164,esm_pred,3.9,4.058
165,esm_pred,3.6,4.315
166,esm_pred,4.84,5.255
167,esm_pred,4.62,4.772
168,exp_fixed,10.8,9.363
169,esm_pred,6.4,5.591
170,esm_pred,5.5,5.73
171,esm_pred,4.9,7.618
172,exp_fixed,5.025,4.9
173,esm_pred,4.9,7.434
174,esm_pred,5.5,6.028
175,exp_fixed,5.4,4.855
176,exp_fixed,4.97,4.635
177,exp_fixed,4.82333,4.918
178,esm_pred,6.0,6.084
179,esm_pred,9.05,7.672
180,esm_pred,6.3,5.301
181,esm_pred,7.2,7.163
182,exp_fixed,5.3,5.2
183,esm_pred,4.9,4.933
184,esm_pred,6.6,5.712
185,esm_pred,4.2,6.108
186,esm_pred,10.0,8.24
187,esm_pred,3.5,5.131
188,exp_fixed,7.05,7.028
189,exp_fixed,5.3,5.171
190,esm_pred,3.55,7.198
191,esm_pred,6.7,5.628
192,exp_fixed,6.37,6.124
193,esm_pred,6.7,6.575
194,exp_fixed,5.765,6.403
195,exp_fixed,6.3,6.077
196,exp_filled,5.7,5.563
197,exp_filled,5.7,5.305
198,exp_filled,4.92333,4.586
199,exp_fixed,8.5,7.949
200,esm_pred,5.09,4.838
201,esm_pred,4.4,5.286
202,exp_fixed,8.5,6.498
203,exp_fixed,8.5,7.411
204,esm_pred,5.11,5.357
205,exp_fixed,8.5,7.014
206,exp_fixed,5.32455,5.467
207,esm_pred,5.0,6.495
208,esm_pred,5.55,6.022
209,exp_fixed,6.0,5.485
210,exp_filled,5.42,5.555
211,exp_fixed,11.0,9.745
212,exp_fixed,6.3,5.381
213,exp_fixed,4.96,4.796
214,exp_fixed,5.13,4.763
215,esm_pred,6.05,5.554
216,esm_pred,5.15,5.129
217,esm_pred,5.9,6.383
218,exp_filled,4.9,5.322
219,esm_pred,5.75,6.428
220,esm_pred,4.83,4.729
221,esm_pred,6.8,5.407
222,esm_pred,6.64,5.898
223,esm_pred,5.75,5.804
224,esm_pred,4.9,6.664
225,exp_fixed,5.52,6.101
226,exp_filled,4.92,4.656
227,esm_pred,4.9,5.377
228,exp_fixed,8.38,9.72
229,exp_fixed,5.16,5.386
230,esm_pred,4.2,6.29
231,exp_filled,5.21,5.298
232,exp_fixed,5.34,6.032
233,esm_pred,5.16,5.579
234,exp_filled,7.2,7.775
235,exp_fixed,4.1,5.068
236,esm_pred,5.142,5.793
237,exp_filled,7.8,6.239
238,esm_pred,4.7,5.697
239,esm_pred,4.83,6.31
240,exp_fixed,8.5,7.502
241,esm_pred,4.34,5.313
242,esm_pred,4.92,4.568
243,esm_pred,8.33,6.968
244,esm_pred,8.7,6.175
245,exp_fixed,5.34,5.663
246,esm_pred,4.99,5.051
247,exp_fixed,7.0,5.392
248,esm_pred,5.5,5.025
249,esm_pred,4.7,5.237
250,exp_fixed,5.41,5.139
251,esm_pred,5.3,6.217
252,esm_pred,6.7,6.066
253,esm_pred,4.85,5.033
254,exp_fixed,6.9,5.567
255,esm_pred,5.6,5.321
256,esm_pred,6.8,7.438
257,exp_fixed,8.3,8.567
258,exp_fixed,6.4825,7.224
259,esm_pred,8.4,6.479
260,esm_pred,7.9,7.994
261,exp_fixed,8.2,7.948
262,esm_pred,4.5,5.216
263,esm_pred,7.0975,7.632
264,esm_pred,4.92,4.481
265,exp_fixed,9.24,6.37
266,esm_pred,5.062,4.844
267,exp_fixed,5.0,5.702
268,esm_pred,5.49,4.888
269,exp_fixed,5.06,4.824
270,esm_pred,2.86,4.098
271,exp_fixed,4.83,5.518
272,exp_fixed,4.873,5.677
273,esm_pred,7.5,5.804
274,esm_pred,4.9,5.042
275,exp_filled,5.44,5.472
276,esm_pred,6.0,5.854
277,exp_filled,5.3,5.922
278,exp_fixed,6.86,7.044
279,esm_pred,9.5,7.154
280,esm_pred,4.42187,4.172
281,esm_pred,4.6,4.91
282,esm_pred,4.5,4.755
283,exp_fixed,4.0,6.598
284,esm_pred,4.9,4.923
285,esm_pred,6.0,5.654
286,esm_pred,6.9,5.754
287,esm_pred,6.22,6.048
288,esm_pred,5.6,7.237
289,exp_filled,4.9,3.978
290,esm_pred,4.905,5.287
291,exp_filled,6.2,5.71
292,esm_pred,5.8625,5.705
293,esm_pred,4.93,4.259
294,esm_pred,5.1,6.049
295,esm_pred,7.2,7.073
296,esm_pred,7.10909,7.867
297,esm_pred,6.8,6.559
298,exp_fixed,8.55,7.647
299,esm_pred,7.282,7.167
300,exp_fixed,5.87,5.343
301,esm_pred,5.4,5.859
302,exp_fixed,6.94333,6.876
303,esm_pred,6.11,5.138
304,esm_pred,7.35,8.144
305,exp_fixed,4.88,4.739
306,esm_pred,5.5,5.158
307,exp_fixed,3.5,3.804
308,esm_pred,4.6,5.176
309,esm_pred,8.82,7.711
310,exp_filled,6.6,6.213
311,esm_pred,4.83,4.812
312,esm_pred,5.78,5.771
313,esm_pred,5.1,5.117
314,exp_filled,5.32,5.054
315,esm_pred,4.83,4.664
316,exp_fixed,5.175,5.159
317,esm_pred,4.7,6.063
318,esm_pred,6.49,6.478
319,exp_filled,6.64,5.897
320,exp_fixed,5.3,5.114
321,exp_fixed,5.92,6.381
322,esm_pred,4.8575,4.726
323,esm_pred,5.22,4.704
324,esm_pred,6.1,6.758
325,esm_pred,5.01333,4.687
326,esm_pred,7.37,5.873
327,exp_fixed,9.4,7.522
328,esm_pred,5.99,6.485
329,esm_pred,4.84,4.875
330,exp_filled,4.5,5.583
331,esm_pred,5.1,5.265
332,esm_pred,7.0,6.7
333,esm_pred,5.665,5.461
334,esm_pred,6.56,6.136
335,esm_pred,5.5,5.275
336,exp_filled,7.2,6.973
337,esm_pred,6.67667,6.666
338,exp_filled,6.6,6.716
339,esm_pred,5.34,5.885
340,esm_pred,7.43,8.593
341,esm_pred,7.5,7.466
342,esm_pred,5.27,5.168
343,esm_pred,6.8,5.983
344,esm_pred,6.7,5.766
345,esm_pred,5.135,4.945
346,exp_filled,4.92,5.486
347,esm_pred,6.77333,5.378
348,esm_pred,4.69,5.425
349,esm_pred,4.8,5.23
350,esm_pred,10.7,6.638
351,exp_fixed,4.35,3.749
352,exp_fixed,4.9,5.678
353,exp_fixed,5.3,4.735
354,esm_pred,5.9,5.077
355,esm_pred,6.1,5.921
356,esm_pred,4.6,5.36
357,exp_filled,4.81,4.831
358,exp_fixed,4.82,6.024
359,esm_pred,3.9,4.726
360,esm_pred,7.08786,6.639
361,exp_filled,5.38,4.801
362,esm_pred,8.8,7.86
363,exp_fixed,5.81857,5.363
364,esm_pred,5.522,6.085
365,exp_fixed,5.5,5.426
366,esm_pred,5.0,5.007
367,exp_fixed,8.46,7.018
368,esm_pred,5.77,5.151
369,exp_fixed,4.88889,4.958
370,exp_fixed,6.3,5.123
371,esm_pred,4.0,4.356
372,esm_pred,7.6,9.134
373,esm_pred,3.7,3.787
374,exp_filled,4.99,4.915
375,esm_pred,5.2,4.696
376,esm_pred,6.0,6.575
377,esm_pred,4.815,4.72
378,esm_pred,5.8,5.116
379,esm_pred,4.92,5.253
380,esm_pred,6.83,6.954
381,esm_pred,8.0,5.796
382,esm_pred,8.35,7.361
383,esm_pred,4.85,5.761
384,exp_fixed,6.5,5.674
385,exp_fixed,5.545,5.786
386,esm_pred,5.18,4.913
387,esm_pred,8.7,6.901
388,exp_fixed,6.29866,6.549
389,exp_fixed,5.705,5.384
390,esm_pred,5.3625,4.957
391,exp_fixed,6.5,7.541
392,esm_pred,4.4,4.768
393,exp_fixed,6.53,6.176
394,esm_pred,4.88667,4.749
395,esm_pred,7.8,8.851
396,esm_pred,8.9,7.472
397,esm_pred,8.6,7.992
398,exp_fixed,8.9,7.733
399,esm_pred,6.3,6.769
400,exp_fixed,5.3,5.413
401,exp_fixed,4.0,4.136
402,exp_fixed,5.42,5.334
403,esm_pred,9.1,9.607
404,esm_pred,4.2,5.064
405,esm_pred,5.25,5.093
406,esm_pred,8.995,6.002
407,esm_pred,5.3,5.366
408,exp_fixed,7.6,6.748
409,esm_pred,5.9,6.424
410,esm_pred,6.5,5.94
411,exp_fixed,4.71,4.918
412,exp_fixed,4.80667,4.845
413,exp_fixed,5.27,5.071
414,exp_fixed,4.9,4.46
415,exp_fixed,3.5,5.074
416,esm_pred,6.5,5.465
417,exp_filled,5.895,5.227
418,esm_pred,5.92333,5.863
419,esm_pred,6.08,5.578
420,esm_pred,5.4,5.673
421,esm_pred,6.0,6.024
422,esm_pred,6.0,6.273
423,exp_filled,4.7,4.899
424,esm_pred,4.5,5.28
425,esm_pred,4.8,5.024
426,exp_fixed,3.6,4.02
427,esm_pred,8.0,7.224
428,esm_pred,6.31,6.689
429,esm_pred,4.8,4.983
430,esm_pred,5.8,4.993
431,esm_pred,4.9,5.774
432,esm_pred,4.7,5.017
433,esm_pred,5.63,5.392
434,esm_pred,5.474,5.591
435,exp_filled,5.64,5.404
436,esm_pred,4.89,4.92
437,exp_filled,5.518,5.227
438,esm_pred,5.0,4.563
439,exp_fixed,5.24,5.374
440,esm_pred,4.68,4.468
441,exp_fixed,7.35,7.474
442,exp_filled,8.3,6.691
443,exp_fixed,5.1,5.618
444,exp_filled,5.0525,5.0
445,esm_pred,5.75,5.508
446,exp_fixed,5.02333,4.753
447,esm_pred,5.98667,5.276
448,exp_fixed,5.3,4.557
449,exp_fixed,8.75,6.254
450,esm_pred,6.1,6.92
451,esm_pred,5.18,5.272
452,esm_pred,3.5,5.197
453,esm_pred,8.1,5.032
454,exp_filled,6.2,5.751
455,exp_fixed,5.12,5.395
456,esm_pred,4.89,4.86
457,esm_pred,3.5,4.455
458,exp_filled,6.3,6.339
459,exp_filled,6.3,6.06
460,exp_filled,5.6,5.622
461,exp_fixed,5.17,5.327
462,exp_fixed,5.78,5.379
463,esm_pred,7.55,7.499
464,exp_fixed,5.0225,5.115
465,esm_pred,4.65,4.919
466,exp_filled,6.05,5.473
467,esm_pred,5.33,4.908
468,esm_pred,5.92,6.028
469,esm_pred,4.85,5.843
470,exp_fixed,7.05,6.169
471,exp_fixed,8.3,8.016
472,exp_filled,4.68,4.527
473,esm_pred,4.45,6.142
474,esm_pred,5.4,5.917
475,exp_fixed,5.11333,5.202
476,esm_pred,3.9,4.141
477,esm_pred,4.2,4.566
478,exp_fixed,5.3,5.997
479,esm_pred,6.19,4.952
480,esm_pred,3.09,4.141
481,esm_pred,6.5,6.312
482,esm_pred,5.1,5.144
483,esm_pred,6.92,6.154
484,exp_fixed,5.6,5.366
485,esm_pred,8.58,9.423
486,exp_filled,5.06333,4.955
487,exp_fixed,5.2,5.099
488,esm_pred,5.38,5.204
489,exp_fixed,5.78333,5.333
490,esm_pred,4.6375,4.517
491,exp_fixed,5.3,4.919
492,esm_pred,5.76,5.173
493,esm_pred,5.22,5.345
494,esm_pred,7.0,5.636
495,exp_fixed,4.83,4.505
496,esm_pred,7.0,5.109
497,esm_pred,5.31,5.044
498,esm_pred,5.17,4.943
499,exp_fixed,6.0,5.326
500,esm_pred,4.2,5.442
501,esm_pred,5.24,5.29
502,esm_pred,5.0,5.136
503,exp_fixed,8.4,6.417
504,exp_fixed,5.1,5.453
505,exp_fixed,5.89,5.61
506,esm_pred,5.3,6.16
507,exp_fixed,7.3,8.021
508,exp_fixed,5.285,5.216
509,exp_filled,4.85,5.254
510,exp_fixed,5.56,5.022
511,esm_pred,5.1,5.798
512,esm_pred,4.96667,4.961
513,esm_pred,4.5,4.54
514,exp_fixed,5.54,4.647
515,exp_fixed,4.55,5.145
516,esm_pred,4.7,5.267
517,esm_pred,4.84,5.007
518,esm_pred,5.0,5.278
519,exp_fixed,7.0,5.86
520,esm_pred,3.6,4.552
521,esm_pred,4.85,4.893
522,exp_fixed,5.41,5.392
523,esm_pred,7.9,8.197
524,esm_pred,5.6,5.242
525,esm_pred,7.0,6.109
526,esm_pred,5.33,4.732
527,esm_pred,4.545,4.654
528,esm_pred,6.5,6.243
529,esm_pred,7.1,7.766
530,exp_fixed,8.32,8.049
531,exp_fixed,7.99333,7.882
532,esm_pred,6.88,5.773
533,exp_fixed,5.06,5.324
534,exp_fixed,8.04857,9.132
535,esm_pred,9.4,6.744
536,exp_fixed,9.05154,9.438
537,exp_filled,5.2,5.557
538,esm_pred,6.75,6.075
539,esm_pred,4.8,6.606
540,exp_fixed,3.13,4.923
541,esm_pred,5.12667,5.089
542,esm_pred,5.7,5.581
543,esm_pred,5.12,5.008
544,exp_fixed,9.65,8.082
545,esm_pred,5.4,5.698
546,esm_pred,6.7,6.353
547,esm_pred,5.475,5.539
548,esm_pred,5.544,5.707
549,esm_pred,4.1,4.404
550,esm_pred,4.55,6.243
551,exp_fixed,4.9,5.276
552,esm_pred,5.1,6.595
553,esm_pred,5.29,4.816
554,exp_filled,4.9,5.529
555,esm_pred,5.08,5.03
556,esm_pred,5.88,4.943
557,esm_pred,4.7,4.864
558,esm_pred,4.88,6.68
559,esm_pred,3.7,4.104
560,exp_fixed,7.28,7.169
561,esm_pred,6.9,7.72
562,esm_pred,6.8,4.573
563,esm_pred,9.33,6.629
564,esm_pred,4.4,5.729
565,esm_pred,4.3,4.921
566,esm_pred,4.5,7.205
567,esm_pred,5.1,5.934
568,esm_pred,8.2,6.916
569,esm_pred,6.0,5.019
570,esm_pred,6.8,6.967
571,esm_pred,7.9,5.716
572,esm_pred,3.9,4.479
573,esm_pred,6.7,7.54
574,exp_fixed,4.64,5.178
575,esm_pred,8.1,8.614
576,esm_pred,10.0,6.946
577,esm_pred,6.0,4.63
578,exp_fixed,5.8,4.979
579,esm_pred,5.0,6.463
580,esm_pred,6.6,6.134
581,exp_fixed,6.0,6.068
