seq_no,exp_pI,M7_PypKa_Thurl,PypKa_webserver_pI,n_sites,n_pypka_used,pypka_coverage,NTR_used,CTR_used,M1_DeepKa_Thurl,M2_PropKa_Thurl,M3_our_9param,M3_ipc_9param,M4_DeepKa_SA_Thurl,M5_DeepKa_SA_our,M5_DeepKa_SA_ipc,diff_from_webserver_pI
3,9.8,9.475,9.39,50,41,0.82,True,True,8.921,9.484,8.551,8.546,8.898,8.582,8.574,0.085
7,6.2,7.199,6.24,73,60,0.822,False,True,7.21,7.6,6.488,6.4,7.276,6.674,6.568,0.959
11,7.02,6.413,7.41,43,28,0.651,False,True,6.58,6.561,5.746,5.774,6.538,5.77,5.795,-0.997
19,5.8,5.795,5.83,61,42,0.689,True,True,6.002,6.475,5.604,5.642,5.953,5.819,5.826,-0.035
28,5.99,8.091,5.96,68,47,0.691,False,False,7.945,8.021,6.94,6.886,7.809,7.04,7.004,2.131
29,5.75,7.258,8.23,86,70,0.814,False,False,7.24,7.407,6.51,6.372,7.34,6.511,6.372,-0.972
32,5.99,5.639,5.66,46,35,0.761,False,False,6.159,5.947,5.597,5.635,6.005,5.568,5.6,-0.021
33,10.1,9.906,10.1,114,83,0.728,False,True,9.346,9.867,8.456,8.443,9.267,8.504,8.486,-0.194
34,5.57,5.858,6.03,42,38,0.905,True,True,5.94,6.033,5.778,5.789,5.944,5.754,5.771,-0.172
38,4.085,3.99,3.95,57,49,0.86,False,True,3.818,4.068,4.038,4.008,3.834,4.034,4.009,0.04
39,5.44,5.356,5.59,147,114,0.776,False,True,5.603,5.713,5.194,5.211,5.597,5.228,5.247,-0.234
41,5.25667,4.853,5.01,62,45,0.726,False,False,5.068,5.788,5.277,5.292,5.143,5.294,5.314,-0.157
42,6.67,7.415,7.37,72,58,0.806,True,True,7.507,7.41,6.562,6.443,7.54,6.916,6.784,0.045
43,8.95,9.58,8.76,91,76,0.835,False,True,9.258,9.405,8.306,8.306,9.176,8.396,8.394,0.82
44,5.01,4.404,4.4,67,58,0.866,False,True,4.557,4.759,5.017,5.029,4.765,4.957,4.962,0.004
54,5.43667,4.867,4.89,42,31,0.738,False,True,5.21,5.383,5.398,5.434,5.269,5.402,5.432,-0.023
55,5.08,4.67,4.67,95,72,0.758,False,False,4.711,5.031,4.954,4.954,4.782,4.971,4.969,0.0
59,5.05333,4.514,4.42,118,88,0.746,False,True,4.808,5.23,5.013,5.015,4.921,5.044,5.048,0.094
62,5.12,4.625,4.67,126,115,0.913,False,True,4.833,5.226,5.089,5.09,4.922,5.057,5.056,-0.045
68,4.11667,4.539,4.76,73,53,0.726,False,False,4.615,4.844,4.949,4.951,4.722,4.942,4.946,-0.221
73,5.915,6.346,6.17,87,63,0.724,False,True,6.519,6.112,5.727,5.755,6.406,5.818,5.833,0.176
74,4.25,4.582,4.97,62,49,0.79,False,False,4.738,5.185,5.099,5.11,4.952,5.155,5.171,-0.388
75,5.25333,4.762,4.82,154,121,0.786,False,False,5.297,5.475,5.156,5.158,5.257,5.373,5.377,-0.058
78,4.72833,4.422,4.11,59,43,0.729,False,False,4.524,4.767,4.802,4.794,4.575,4.82,4.818,0.312
83,5.4,9.351,7.86,141,89,0.631,False,True,8.559,8.851,7.722,7.735,8.511,7.858,7.865,1.491
84,7.2,7.982,8.94,83,57,0.687,False,False,7.882,8.329,6.987,6.902,7.83,6.962,6.862,-0.958
85,7.4,8.767,8.04,245,175,0.714,False,True,8.189,8.606,7.305,7.333,8.16,7.559,7.585,0.727
89,6.7,8.906,8.79,69,56,0.812,False,True,8.521,8.523,7.35,7.188,8.407,7.702,7.664,0.116
97,5.35533,5.381,4.89,45,31,0.689,False,False,5.474,5.62,5.343,5.377,5.61,5.305,5.342,0.491
98,5.3,5.375,5.42,96,77,0.802,False,False,5.308,5.831,5.136,5.145,5.278,5.207,5.223,-0.045
101,6.56,6.098,5.7,165,128,0.776,False,False,6.39,6.712,5.677,5.7,6.516,5.902,5.913,0.398
104,6.15,6.209,6.22,100,71,0.71,False,True,6.394,6.145,5.674,5.707,6.444,5.868,5.881,-0.011
105,5.435,5.101,9.27,41,24,0.585,False,False,5.139,5.737,5.461,5.496,5.196,5.469,5.498,-4.169
110,6.3,8.979,7.41,162,112,0.691,False,False,8.307,8.738,7.529,7.563,8.296,7.558,7.591,1.569
113,6.0,5.27,5.79,124,96,0.774,False,False,5.57,5.809,5.385,5.394,5.509,5.567,5.575,-0.52
115,5.6,5.907,6.0,117,87,0.744,True,True,5.669,6.036,5.675,5.687,5.627,5.661,5.67,-0.093
118,5.4,4.985,5.25,77,60,0.779,False,False,5.142,5.465,5.245,5.266,5.212,5.254,5.273,-0.265
119,5.23,5.067,4.95,70,49,0.7,False,False,4.986,5.636,5.187,5.201,5.067,5.19,5.204,0.117
134,5.3,4.644,4.78,95,70,0.737,True,True,4.921,5.283,5.07,5.077,4.992,5.128,5.134,-0.136
139,5.6,5.237,5.71,92,69,0.75,False,True,5.597,6.684,5.462,5.485,5.648,5.539,5.558,-0.473
140,6.5544,6.505,6.22,129,78,0.605,False,False,6.523,6.585,5.945,5.96,6.756,6.001,6.009,0.285
147,4.0,4.64,4.87,49,44,0.898,False,True,4.416,4.878,4.962,4.969,4.693,4.962,4.968,-0.23
148,6.19,5.931,6.04,44,36,0.818,True,True,6.393,6.35,6.013,5.994,6.631,6.289,6.209,-0.109
159,6.89,10.03,7.03,36,29,0.806,False,False,9.583,9.802,8.657,8.65,9.471,8.767,8.753,3.0
160,4.96,4.425,4.5,193,159,0.824,True,True,4.735,5.209,4.917,4.914,4.819,4.95,4.948,-0.075
163,5.65,5.666,5.77,22,21,0.955,True,True,5.192,5.777,5.527,5.57,5.754,5.513,5.559,-0.104
168,10.8,10.272,10.14,43,40,0.93,False,True,9.908,10.115,8.835,8.846,9.755,8.835,8.846,0.132
172,5.025,4.643,4.63,115,97,0.843,True,True,4.746,5.29,4.867,4.86,4.718,4.897,4.893,0.013
175,5.4,4.524,6.01,40,28,0.7,False,True,4.713,4.809,4.965,4.98,4.711,4.959,4.975,-1.486
176,4.97,4.27,4.22,143,116,0.811,False,True,4.426,4.884,4.624,4.608,4.403,4.604,4.592,0.05
177,4.82333,4.276,4.26,54,42,0.778,False,True,4.377,4.659,4.748,4.74,4.459,4.733,4.724,0.016
182,5.3,4.727,4.8,138,100,0.725,False,True,4.944,5.591,5.229,5.235,4.962,5.127,5.13,-0.073
188,7.05,8.01,7.11,66,44,0.667,False,True,7.96,8.73,7.058,6.995,7.909,7.127,7.078,0.9
189,5.3,4.839,4.92,93,72,0.774,False,False,5.237,5.363,5.154,5.169,5.225,5.188,5.205,-0.081
192,6.37,6.528,7.61,97,55,0.567,False,False,6.575,6.81,5.924,5.938,6.797,6.025,6.029,-1.082
194,5.765,7.754,8.29,78,53,0.679,False,False,6.776,8.417,6.133,6.098,7.03,6.529,6.424,-0.536
195,6.3,7.67,8.83,164,99,0.604,False,False,7.54,8.127,6.598,6.56,7.571,6.961,6.947,-1.16
196,5.7,5.604,5.52,316,237,0.75,False,False,5.761,6.09,5.453,5.467,5.794,5.445,5.459,0.084
197,5.7,5.652,5.87,171,140,0.819,True,True,5.709,6.37,5.637,5.656,5.878,5.693,5.701,-0.218
198,4.92333,4.338,4.34,101,81,0.802,True,True,4.602,4.895,4.776,4.768,4.604,4.801,4.795,-0.002
199,8.5,9.172,9.16,136,80,0.588,False,False,8.845,9.451,8.152,8.137,8.827,8.177,8.162,0.012
202,8.5,5.917,8.45,227,100,0.441,False,True,6.049,5.974,5.568,5.592,6.307,5.68,5.701,-2.533
203,8.5,8.097,8.72,55,34,0.618,False,True,8.064,9.011,7.286,7.311,8.048,7.303,7.329,-0.623
205,8.5,9.892,9.96,25,19,0.76,True,True,9.883,10.184,9.355,9.227,10.111,9.537,9.345,-0.068
206,5.32455,5.672,5.52,209,153,0.732,False,False,5.89,6.334,5.681,5.69,6.004,5.728,5.735,0.152
209,6.0,5.436,4.96,100,80,0.8,False,True,5.548,5.705,5.43,5.446,5.569,5.43,5.446,0.476
210,5.42,6.675,6.43,99,65,0.657,False,True,7.025,6.95,5.904,5.917,6.748,6.108,6.095,0.245
211,11.0,9.155,11.45,48,24,0.5,False,True,9.222,11.094,8.587,8.576,9.21,8.628,8.61,-2.295
212,6.3,6.167,6.21,49,41,0.837,True,True,6.314,6.126,5.602,5.641,6.332,5.96,5.959,-0.043
213,4.96,4.433,4.45,120,104,0.867,False,True,4.747,4.837,4.937,4.935,4.723,4.897,4.894,-0.017
214,5.13,4.923,4.88,60,48,0.8,False,False,4.756,5.333,4.959,4.963,4.832,5.042,5.052,0.043
218,4.9,4.648,4.75,144,116,0.806,False,True,4.797,5.131,5.017,5.016,4.858,5.022,5.021,-0.102
225,5.52,6.924,5.87,50,40,0.8,False,True,6.764,6.426,5.95,5.941,6.804,6.205,6.136,1.054
226,4.92,4.087,4.13,60,51,0.85,False,True,4.297,4.778,4.632,4.621,4.393,4.622,4.613,-0.043
228,8.38,10.05,9.93,100,88,0.88,False,True,9.956,9.827,8.925,8.939,9.802,8.983,8.998,0.12
229,5.16,5.275,5.04,111,79,0.712,False,False,5.548,5.915,5.384,5.397,5.375,5.402,5.418,0.235
231,5.21,6.02,5.31,209,108,0.517,False,False,5.727,6.055,5.408,5.415,5.678,5.562,5.571,0.71
232,5.34,5.826,5.26,93,45,0.484,False,False,5.617,6.179,5.725,5.727,5.672,5.728,5.732,0.566
234,7.2,8.139,7.5,93,78,0.839,False,True,8.059,8.24,7.105,7.011,7.979,7.286,7.241,0.639
235,4.1,4.907,4.98,110,90,0.818,True,True,5.3,5.458,5.263,5.275,5.38,5.372,5.387,-0.073
237,7.8,6.574,6.31,248,174,0.702,False,True,7.097,7.471,6.322,6.322,7.105,6.678,6.678,0.264
240,8.5,8.116,8.01,80,56,0.7,False,True,8.063,8.401,7.124,7.008,7.978,7.178,7.086,0.106
245,5.34,5.51,5.67,61,48,0.787,False,False,5.441,5.618,5.561,5.583,5.398,5.537,5.562,-0.16
247,7.0,7.079,6.77,219,116,0.53,False,True,6.839,7.017,5.832,5.847,6.726,6.112,6.103,0.309
250,5.41,5.064,4.86,76,62,0.816,False,True,5.39,5.683,5.451,5.467,5.292,5.459,5.477,0.204
254,6.9,7.016,6.59,174,120,0.69,False,False,6.864,6.772,5.89,5.917,6.852,6.253,6.249,0.426
257,8.3,8.562,8.8,119,88,0.739,False,True,8.384,9.04,7.658,7.702,8.377,7.688,7.732,-0.238
258,6.4825,8.502,5.9,166,103,0.62,False,False,8.342,9.026,7.586,7.624,8.333,7.615,7.652,2.602
261,8.2,7.845,7.21,93,71,0.763,False,False,7.91,8.078,6.545,6.458,7.894,7.392,7.389,0.635
265,9.24,7.536,8.92,28,12,0.429,False,True,7.519,8.234,6.733,6.643,7.519,6.759,6.673,-1.384
267,5.0,6.234,6.06,244,187,0.766,False,False,6.317,6.855,5.862,5.878,6.463,6.076,6.072,0.174
269,5.06,4.32,4.68,128,100,0.781,True,False,4.505,4.948,4.896,4.893,4.629,4.805,4.799,-0.36
271,4.83,4.594,4.06,97,57,0.588,False,False,4.714,4.805,4.861,4.853,4.672,4.878,4.872,0.534
272,4.873,6.988,4.47,54,34,0.63,False,True,6.87,6.852,6.009,5.992,6.795,6.016,5.998,2.518
275,5.44,5.148,5.42,92,70,0.761,True,True,5.579,5.799,5.705,5.721,5.949,5.763,5.769,-0.272
277,5.3,5.627,5.75,86,77,0.895,False,True,5.352,5.574,5.978,5.949,5.445,5.676,5.682,-0.123
278,6.86,8.894,7.8,161,131,0.814,False,True,8.03,8.24,7.339,7.355,7.965,7.29,7.299,1.094
283,4.0,6.959,5.22,131,75,0.573,False,False,7.104,7.205,6.179,6.177,7.047,6.462,6.424,1.739
289,4.9,3.707,3.31,121,80,0.661,False,False,3.862,4.213,4.045,4.001,3.943,4.095,4.062,0.397
291,6.2,6.898,6.94,99,81,0.818,True,True,6.993,6.935,6.145,6.142,6.839,6.117,6.106,-0.042
298,8.55,9.107,7.32,83,53,0.639,False,True,8.937,9.298,8.224,8.231,8.908,8.233,8.238,1.787
300,5.87,5.956,5.78,66,55,0.833,True,True,6.635,5.914,5.502,5.536,6.522,5.854,5.869,0.176
302,6.94333,7.546,6.95,157,122,0.777,False,True,7.376,7.237,6.356,6.303,7.325,6.815,6.7,0.596
305,4.88,4.383,4.44,90,70,0.778,False,True,4.732,5.217,4.861,4.859,4.863,4.998,5.007,-0.057
307,3.5,3.989,3.61,36,25,0.694,False,True,4.123,4.18,4.372,4.36,4.122,4.381,4.372,0.379
310,6.6,6.934,6.95,52,39,0.75,False,False,7.096,6.921,5.961,5.971,6.901,5.95,5.962,-0.016
314,5.32,4.851,4.99,192,151,0.786,True,True,4.946,5.513,5.199,5.206,5.12,5.211,5.214,-0.139
316,5.175,6.059,5.2,95,81,0.853,False,True,5.97,6.384,5.488,5.509,5.907,5.726,5.735,0.859
319,6.64,8.01,7.49,72,58,0.806,False,True,7.835,7.073,7.104,6.995,7.796,7.281,7.241,0.52
320,5.3,4.841,4.93,109,89,0.817,True,True,5.099,5.481,5.292,5.303,5.226,5.359,5.37,-0.089
321,5.92,8.085,6.26,72,62,0.861,False,True,7.954,7.937,6.544,6.393,7.868,7.29,7.203,1.825
327,9.4,9.563,9.53,83,63,0.759,False,True,9.371,9.405,8.618,8.614,9.326,8.694,8.689,0.033
330,4.5,5.405,5.47,228,189,0.829,True,True,5.802,5.908,5.578,5.601,6.016,5.628,5.642,-0.065
336,7.2,7.211,7.24,140,114,0.814,False,True,7.39,7.248,6.333,6.321,7.341,6.784,6.736,-0.029
338,6.6,7.131,7.12,140,116,0.829,False,True,7.177,6.915,6.197,6.2,6.991,6.503,6.469,0.011
346,4.92,4.539,4.5,92,84,0.913,False,True,4.831,5.071,4.983,4.987,4.772,4.938,4.942,0.039
351,4.35,3.812,3.5,84,65,0.774,False,True,4.178,3.964,4.165,4.131,4.052,4.247,4.22,0.312
352,4.9,6.191,6.13,171,115,0.673,False,False,6.458,6.568,5.85,5.868,6.728,6.039,6.045,0.061
353,5.3,6.292,5.91,59,26,0.441,False,False,6.922,6.525,5.323,5.366,6.901,6.439,6.391,0.382
357,4.81,4.493,4.51,59,47,0.797,False,True,4.527,4.753,4.739,4.733,4.494,4.739,4.734,-0.017
358,4.82,4.915,4.99,49,40,0.816,True,True,5.136,5.431,5.561,5.596,5.231,5.567,5.602,-0.075
361,5.38,4.97,4.93,99,69,0.697,False,False,5.367,5.749,5.256,5.274,5.285,5.298,5.314,0.04
363,5.81857,5.842,5.96,141,104,0.738,False,False,6.46,6.512,5.589,5.605,6.32,5.857,5.865,-0.118
365,5.5,5.146,5.41,79,58,0.734,False,True,5.154,5.653,5.462,5.483,5.453,5.421,5.445,-0.264
367,8.46,9.216,9.27,406,241,0.594,False,False,8.85,9.147,8.095,8.11,8.829,8.111,8.124,-0.054
369,4.88889,4.318,4.42,157,129,0.822,False,True,4.4,4.829,4.846,4.835,4.599,4.842,4.831,-0.102
370,6.3,5.047,5.17,137,112,0.818,True,True,5.495,5.909,5.436,5.448,5.546,5.53,5.542,-0.123
374,4.99,4.429,4.57,152,133,0.875,False,True,4.659,5.054,5.023,5.018,4.782,4.993,4.986,-0.141
384,6.5,7.057,6.81,126,91,0.722,False,True,7.082,6.797,6.076,6.091,6.98,6.026,6.043,0.247
385,5.545,6.025,5.5,87,74,0.851,False,True,6.101,6.044,5.579,5.609,6.097,5.701,5.719,0.525
388,6.29866,7.112,7.15,259,186,0.718,False,True,7.148,7.208,6.275,6.287,7.149,6.499,6.504,-0.038
389,5.705,5.624,5.76,80,62,0.775,False,True,5.864,5.859,5.436,5.467,6.111,5.418,5.452,-0.136
391,6.5,8.876,9.8,27,19,0.704,False,False,8.849,8.734,7.526,7.284,8.684,7.526,7.284,-0.924
398,8.9,9.745,,90,67,0.744,False,True,9.243,9.771,8.659,8.645,9.177,8.661,8.647,
400,5.3,5.225,5.18,139,108,0.777,False,True,5.531,5.987,5.316,5.338,5.762,5.418,5.44,0.045
401,4.0,3.803,3.59,235,129,0.549,False,False,4.045,4.267,4.275,4.242,4.1,4.259,4.231,0.213
402,5.42,5.139,5.29,190,142,0.747,True,True,5.244,5.695,5.336,5.343,5.326,5.345,5.351,-0.151
408,7.6,8.395,8.2,100,86,0.86,False,True,7.663,8.203,6.713,6.641,7.665,6.963,6.9,0.195
411,4.71,4.698,5.16,56,46,0.821,False,True,4.464,4.91,4.747,4.741,4.541,4.74,4.737,-0.462
412,4.80667,4.194,4.31,34,31,0.912,True,True,4.648,4.654,4.676,4.667,4.537,4.83,4.836,-0.116
413,5.27,4.706,5.16,299,133,0.445,False,False,4.773,5.026,5.021,5.015,4.826,5.0,4.992,-0.454
414,4.9,4.038,5.79,124,67,0.54,False,False,4.093,4.335,4.44,4.426,4.243,4.459,4.447,-1.752
415,3.5,4.914,5.0,141,89,0.631,False,False,5.022,5.531,4.845,4.84,5.109,5.169,5.176,-0.086
417,5.895,5.608,5.67,205,144,0.702,False,False,5.646,6.034,5.591,5.611,5.689,5.594,5.602,-0.062
423,4.7,4.677,4.78,77,64,0.831,True,True,5.268,5.471,5.221,5.246,5.365,5.316,5.339,-0.103
426,3.6,3.889,3.57,146,78,0.534,False,False,3.971,4.207,4.146,4.109,3.999,4.172,4.142,0.319
435,5.64,5.367,5.49,109,90,0.826,False,True,5.461,5.741,5.495,5.513,5.529,5.444,5.463,-0.123
437,5.518,5.262,5.25,106,94,0.887,False,True,5.375,5.357,5.283,5.306,5.438,5.285,5.303,0.012
439,5.24,4.85,5.32,96,69,0.719,False,False,5.098,5.504,5.189,5.197,5.049,5.202,5.211,-0.47
441,7.35,9.576,9.19,129,105,0.814,False,True,9.164,9.527,8.299,8.298,9.109,8.314,8.313,0.386
442,8.3,8.754,7.6,129,102,0.791,False,True,8.742,8.968,7.907,7.912,8.703,7.958,7.962,1.154
443,5.1,6.06,4.82,93,64,0.688,False,False,5.863,5.925,5.797,5.815,5.926,5.703,5.716,1.24
444,5.0525,4.477,4.58,63,55,0.873,True,True,4.667,5.098,4.984,4.992,4.779,4.978,4.984,-0.103
446,5.02333,4.977,5.18,66,56,0.848,False,True,4.85,5.459,4.984,4.992,4.894,5.021,5.033,-0.203
448,5.3,4.756,4.87,78,70,0.897,False,True,5.305,5.317,4.983,4.995,5.383,5.266,5.29,-0.114
449,8.75,9.337,9.14,121,106,0.876,False,True,8.257,9.054,7.354,7.368,8.228,7.479,7.499,0.197
454,6.2,5.756,5.67,158,110,0.696,False,False,5.584,6.108,5.843,5.864,5.666,5.605,5.615,0.086
455,5.12,4.992,5.01,160,119,0.744,False,False,5.238,5.508,5.325,5.338,5.353,5.361,5.371,-0.018
458,6.3,6.899,7.17,294,200,0.68,False,False,7.286,7.156,6.346,6.343,7.242,6.682,6.661,-0.271
459,6.3,6.818,7.15,290,198,0.683,False,False,6.95,7.092,6.163,6.171,6.927,6.39,6.378,-0.332
460,5.6,6.636,6.87,116,72,0.621,False,False,7.041,6.964,6.057,6.072,7.044,6.558,6.523,-0.234
461,5.17,4.978,4.91,85,68,0.8,False,False,5.203,5.584,5.385,5.391,5.085,5.372,5.379,0.068
462,5.78,5.018,5.12,104,72,0.692,False,True,5.285,5.738,5.528,5.554,5.377,5.351,5.368,-0.102
464,5.0225,5.154,5.13,102,75,0.735,False,False,5.217,5.712,5.106,5.11,5.347,5.34,5.362,0.024
466,6.05,6.258,5.64,39,31,0.795,False,True,6.157,6.283,5.693,5.726,6.546,5.692,5.725,0.618
470,7.05,8.403,6.52,45,34,0.756,False,True,8.06,8.028,7.513,7.33,8.046,7.45,7.324,1.883
471,8.3,9.138,9.06,148,60,0.405,False,False,9.065,9.299,8.245,8.257,9.048,8.253,8.265,0.078
472,4.68,4.236,4.46,95,71,0.747,False,False,4.528,4.698,4.82,4.816,4.578,4.785,4.78,-0.224
475,5.11333,4.48,4.53,114,97,0.851,False,True,4.895,5.261,5.041,5.038,4.913,5.09,5.088,-0.05
478,5.3,6.515,6.01,155,105,0.677,False,True,6.688,7.023,6.085,6.086,6.91,6.295,6.271,0.505
484,5.6,5.485,5.53,63,45,0.714,False,True,5.682,5.442,5.353,5.381,5.707,5.4,5.43,-0.045
486,5.06333,4.392,4.55,103,85,0.825,False,True,5.059,5.439,5.105,5.105,5.105,5.294,5.303,-0.158
487,5.2,4.787,4.85,109,77,0.706,False,True,5.148,5.45,5.18,5.189,5.166,5.259,5.269,-0.063
489,5.78333,6.003,5.69,65,52,0.8,False,False,6.328,5.982,5.364,5.398,6.195,5.525,5.559,0.313
491,5.3,4.848,5.18,155,110,0.71,False,False,5.205,5.91,5.253,5.261,5.366,5.36,5.371,-0.332
495,4.83,4.21,4.29,146,125,0.856,False,True,4.606,4.791,4.805,4.797,4.646,4.843,4.837,-0.08
499,6.0,5.956,6.45,86,52,0.605,False,False,5.889,6.037,5.638,5.654,5.888,5.638,5.654,-0.494
503,8.4,7.112,6.63,70,57,0.814,False,False,6.534,7.361,6.309,6.266,6.826,6.375,6.302,0.482
504,5.1,5.722,5.53,165,122,0.739,False,False,6.297,6.473,5.658,5.676,6.328,5.934,5.936,0.192
505,5.89,5.957,5.99,52,45,0.865,False,True,6.06,5.953,5.539,5.575,6.065,5.752,5.766,-0.033
507,7.3,8.851,9.3,63,43,0.683,False,True,8.793,9.155,8.084,8.111,8.769,8.097,8.125,-0.449
508,5.285,5.072,4.68,93,71,0.763,False,True,5.132,5.559,5.328,5.343,5.27,5.297,5.315,0.392
509,4.85,5.158,5.17,102,75,0.735,False,False,5.035,5.74,5.243,5.257,5.205,5.229,5.243,-0.012
510,5.56,5.072,4.94,212,135,0.637,False,False,5.313,5.503,5.354,5.367,5.5,5.466,5.473,0.132
514,5.54,5.12,6.01,75,59,0.787,False,False,5.649,5.557,5.135,5.156,5.886,5.451,5.479,-0.89
515,4.55,4.738,4.86,125,89,0.712,False,True,5.056,5.379,5.115,5.125,5.132,5.159,5.168,-0.122
519,7.0,6.856,7.27,135,107,0.793,False,False,7.114,7.001,6.123,6.125,7.054,6.684,6.633,-0.414
522,5.41,5.411,5.64,98,81,0.827,False,False,5.514,5.918,5.242,5.256,5.568,5.619,5.63,-0.229
530,8.32,8.978,8.91,95,78,0.821,False,True,8.49,8.985,7.632,7.649,8.438,7.675,7.692,0.068
531,7.99333,8.581,8.72,93,76,0.817,True,True,8.348,9.018,7.535,7.553,8.321,7.588,7.608,-0.139
533,5.06,5.312,4.83,138,105,0.761,False,False,5.442,5.858,5.401,5.412,5.498,5.524,5.532,0.482
534,8.04857,8.774,8.7,44,40,0.909,False,True,8.342,8.652,7.334,7.245,8.287,7.335,7.246,0.074
536,9.05154,9.367,9.31,42,39,0.929,True,True,8.922,9.298,7.939,7.938,8.816,7.964,7.963,0.057
537,5.2,6.589,6.61,100,87,0.87,True,True,6.618,6.87,5.936,5.939,6.804,6.087,6.067,-0.021
540,3.13,4.433,3.62,24,13,0.542,False,True,3.971,4.637,4.558,4.545,4.13,4.419,4.404,0.813
544,9.65,10.223,9.22,93,40,0.43,False,False,9.673,10.217,9.088,8.95,9.678,9.123,8.973,1.003
551,4.9,5.891,7.34,239,84,0.351,False,False,5.998,6.082,5.524,5.545,6.232,5.574,5.595,-1.449
554,4.9,5.519,5.53,105,86,0.819,True,True,5.83,5.964,5.422,5.445,5.929,5.615,5.634,-0.011
560,7.28,8.149,7.98,97,75,0.773,False,True,7.537,7.743,6.993,6.915,7.411,6.888,6.832,0.169
574,4.64,4.122,4.16,49,38,0.776,True,True,4.628,4.618,4.959,4.963,4.647,4.943,4.951,-0.038
578,5.8,5.5,5.51,45,31,0.689,True,True,5.328,5.472,5.248,5.284,5.363,5.26,5.293,-0.01
581,6.0,6.04,5.58,87,68,0.782,False,True,6.402,6.075,5.686,5.718,6.677,6.006,6.005,0.46
