seq_no,zidx
1,388
2,282
3,129
4,270
5,375
6,537
7,521
8,30
9,512
10,146
11,50
12,491
13,490
14,227
15,107
16,299
17,353
18,51
19,387
20,1
21,264
22,198
23,22
24,447
25,423
26,539
27,452
28,313
29,109
30,224
31,294
32,412
33,486
34,403
35,457
36,56
37,239
38,64
39,134
40,154
41,45
42,10
43,471
44,462
45,350
46,496
47,568
48,558
49,37
50,312
51,2
52,440
53,46
54,39
55,459
56,461
57,396
58,219
59,579
60,345
61,455
62,151
63,493
64,329
65,82
66,139
67,102
68,554
69,249
70,567
71,291
72,376
73,201
74,472
75,458
76,360
77,463
78,560
79,544
80,561
81,180
82,400
83,328
84,103
85,492
86,9
87,522
88,453
89,401
90,248
91,417
92,405
93,243
94,259
95,434
96,489
97,99
98,110
99,497
100,546
101,5
102,159
103,29
104,530
105,541
106,578
107,514
108,216
109,377
110,164
111,327
112,326
113,157
114,271
115,306
116,40
117,550
118,487
119,283
120,12
121,161
122,469
123,281
124,148
125,391
126,295
127,526
128,424
129,172
130,173
131,476
132,534
133,91
134,84
135,296
136,58
137,93
138,207
139,83
140,132
141,368
142,421
143,286
144,192
145,221
146,404
147,17
148,178
149,89
150,267
151,351
152,361
153,410
154,340
155,265
156,257
157,545
158,425
159,136
160,188
161,21
162,160
163,53
164,87
165,223
166,276
167,362
168,245
169,240
170,149
171,80
172,258
173,343
174,413
175,272
176,374
177,144
178,482
179,559
180,28
181,355
182,31
183,504
184,335
185,42
186,135
187,372
188,92
189,577
190,319
191,52
192,298
193,237
194,317
195,251
196,190
197,177
198,287
199,261
200,97
201,141
202,279
203,575
204,13
205,553
206,542
207,580
208,187
209,127
210,280
211,547
212,126
213,288
214,441
215,543
216,193
217,114
218,302
219,266
220,419
221,443
222,478
223,226
224,336
225,433
226,25
227,349
228,378
229,398
230,123
231,499
232,549
233,86
234,167
235,18
236,35
237,538
238,357
239,152
240,142
241,315
242,32
243,475
244,63
245,397
246,330
247,113
248,254
249,7
250,347
251,235
252,255
253,422
254,339
255,24
256,409
257,73
258,176
259,470
260,165
261,241
262,19
263,395
264,230
265,480
266,363
267,415
268,166
269,112
270,509
271,365
272,246
273,292
274,293
275,341
276,47
277,130
278,68
279,352
280,268
281,305
282,569
283,108
284,380
285,131
286,66
287,231
288,197
289,331
290,208
291,431
292,506
293,517
294,171
295,204
296,448
297,228
298,297
299,467
300,402
301,382
302,48
303,495
304,232
305,26
306,528
307,555
308,252
309,15
310,564
311,505
312,36
313,16
314,77
315,442
316,301
317,321
318,483
319,523
320,217
321,55
322,111
323,74
324,214
325,468
326,385
327,8
328,507
329,381
330,370
331,389
332,182
333,78
334,250
335,88
336,202
337,90
338,454
339,38
340,474
341,333
342,105
343,540
344,428
345,515
346,314
347,212
348,369
349,196
350,206
351,392
352,72
353,156
354,438
355,150
356,379
357,169
358,106
359,262
360,57
361,536
362,218
363,435
364,70
365,371
366,323
367,69
368,525
369,269
370,27
371,338
372,71
373,203
374,576
375,464
376,220
377,96
378,300
379,324
380,284
381,0
382,427
383,513
384,485
385,571
386,6
387,244
388,358
389,191
390,494
391,181
392,390
393,125
394,557
395,34
396,128
397,529
398,162
399,436
400,175
401,406
402,562
403,14
404,367
405,104
406,473
407,179
408,308
409,199
410,117
411,115
412,155
413,61
414,153
415,519
416,185
417,277
418,416
419,520
420,210
421,222
422,242
423,449
424,215
425,98
426,274
427,290
428,138
429,532
430,552
431,211
432,563
433,414
434,247
435,364
436,233
437,263
438,62
439,79
440,420
441,527
442,450
443,411
444,460
445,394
446,320
447,133
448,426
449,451
450,143
451,303
452,445
453,508
454,183
455,225
456,174
457,373
458,145
459,205
460,311
461,531
462,59
463,502
464,195
465,334
466,310
467,484
468,140
469,236
470,137
471,481
472,260
473,3
474,444
475,120
476,503
477,170
478,309
479,332
480,213
481,23
482,189
483,65
484,384
485,194
486,432
487,124
488,418
489,200
490,4
491,122
492,429
493,186
494,67
495,94
496,383
497,54
498,118
499,33
500,273
501,346
502,285
503,408
504,20
505,342
506,209
507,75
508,307
509,344
510,479
511,430
512,488
513,11
514,95
515,366
516,535
517,76
518,43
519,184
520,234
521,147
522,100
523,348
524,551
525,501
526,256
527,119
528,570
529,572
530,354
531,44
532,238
533,477
534,548
535,498
536,500
537,275
538,510
539,399
540,81
541,446
542,466
543,337
544,574
545,322
546,566
547,511
548,85
549,116
550,465
551,439
552,289
553,41
554,163
555,573
556,516
557,60
558,101
559,325
560,556
561,356
562,533
563,229
564,49
565,518
566,386
567,407
568,565
569,456
570,253
571,304
572,278
573,359
574,121
575,524
576,318
577,168
578,316
579,437
580,158
581,393
