seq_no_full,split,uniprot_acc,exp_pI,source
1,test_25,Q42839,5.7,PIP-DB
2,test_25,Q3ZJN3,4.4,PIP-DB
3,test_25,AAA40744.1,9.8,PIP-DB
4,test_25,Q27673,4.99,PIP-DB
5,test_25,Q7A5J0,8.3,PIP-DB
6,test_25,P78371,3.93,PIP-DB
7,test_25,P67417,6.2,PIP-DB
8,test_25,Q4KM73,6.1,PIP-DB
9,test_25,B8QGZ7,4.2,PIP-DB
10,test_25,Q43127,4.5,PIP-DB
11,test_25,P49722,7.02,PIP-DB
12,test_25,Q6F5A5,6.6,PIP-DB
13,test_25,Q7A825,5.3,PIP-DB
14,test_25,Q99VM3,7.3,PIP-DB
15,test_25,Q6JK69,7.1,PIP-DB
16,test_25,P12710,5.3,PIP-DB
17,test_25,Q8UVE7,3.5,PIP-DB
18,test_25,P23668,6.3,PIP-DB
19,test_25,Q8RR70,5.8,PIP-DB
20,test_25,P02765,7.1,PIP-DB
21,test_25,P34913,4.75,PIP-DB
22,test_25,P13897,4.2,PIP-DB
23,test_25,P02744,5.05,PIP-DB
24,test_25,F2ZAL5,4.65,PIP-DB
25,test_25,C3TGT7,8.0,PIP-DB
26,test_25,P0ABU5,7.3,PIP-DB
27,test_25,Q99QV3,5.8,PIP-DB
28,test_25,O29610,5.99,SWISS-2DPAGE
29,test_25,D5FT48,5.75,SWISS-2DPAGE
30,test_25,Q13185,5.175,PIP-DB
31,test_25,P83443,4.96,SWISS-2DPAGE
32,test_25,P0A7D4,5.99,SWISS-2DPAGE
33,test_25,Q7A5G8,10.1,PIP-DB
34,test_25,P63043,5.57,SWISS-2DPAGE
35,test_25,Q5U7L5,6.08,SWISS-2DPAGE
36,test_25,P0AEM9,4.84,SWISS-2DPAGE
37,test_25,P31471,4.95,SWISS-2DPAGE
38,test_25,Q71RR7,4.085,SWISS-2DPAGE
39,test_25,O35244,5.44,SWISS-2DPAGE
40,test_25,P0A763,6.1,PIP-DB
41,test_25,P06151,5.25667,SWISS-2DPAGE
42,test_25,P10605,6.67,SWISS-2DPAGE
43,test_25,Q47MW8,8.95,PIP-DB
44,test_25,P95442,5.01,SWISS-2DPAGE
45,test_25,P16858,5.265,PIP-DB
46,test_25,P0A6D7,5.9,PIP-DB
47,test_25,P00734,6.3,SWISS-2DPAGE
48,test_25,E2QEZ9,6.59,SWISS-2DPAGE
49,test_25,P33136,4.7,PIP-DB
50,test_25,P86330,4.83,SWISS-2DPAGE
51,test_25,P61898,7.7,PIP-DB
52,test_25,Q6EM43,7.96,PIP-DB
53,test_25,Q76CF0,4.96077,SWISS-2DPAGE
54,test_25,P0AA04,5.43667,SWISS-2DPAGE
55,test_25,P54638,5.08,SWISS-2DPAGE
56,test_25,P02925,5.3,PIP-DB
57,test_25,Q99WJ2,5.8,PIP-DB
58,test_25,P0CG48,7.3,PIP-DB
59,test_25,Q7A794,5.05333,SWISS-2DPAGE
60,test_25,P77258,4.9,PIP-DB
61,test_25,P12310,5.14,SWISS-2DPAGE
62,test_25,P0AES4,5.12,SWISS-2DPAGE
63,test_25,Q99V14,4.75,PIP-DB
64,test_25,P10968,9.1,PIP-DB
65,test_25,P62204,6.95,PIP-DB
66,test_25,P97384,5.5,PIP-DB
67,test_25,P11884,5.55,SWISS-2DPAGE
68,test_25,P07812,4.11667,SWISS-2DPAGE
69,test_25,P30038,4.6,PIP-DB
70,test_25,P13569,5.31,PIP-DB
71,test_25,P07339,3.85,PIP-DB
72,test_25,P11955,6.1,PIP-DB
73,test_25,P35520,5.915,SWISS-2DPAGE
74,test_25,P25774,4.25,PIP-DB
75,test_25,P31441,5.25333,SWISS-2DPAGE
76,test_25,P01574,6.79,SWISS-2DPAGE
77,test_25,P0A9L3,4.9,PIP-DB
78,test_25,P11875,4.72833,SWISS-2DPAGE
79,test_25,P46850,4.58,SWISS-2DPAGE
80,test_25,P99150,4.85,PIP-DB
81,test_25,Q3MKY2,5.69,PIP-DB
82,test_25,P0A3R9,6.85,SWISS-2DPAGE
83,test_25,P13437,5.4,PIP-DB
84,test_25,P50053,7.2,PIP-DB
85,test_25,P18548,7.4,PIP-DB
86,test_25,P99106,5.26,SWISS-2DPAGE
87,test_25,P09551,4.7,PIP-DB
88,test_25,Q96WX0,4.7,PIP-DB
89,test_25,P24527,6.7,SWISS-2DPAGE
90,test_25,P30839,4.56,PIP-DB
91,test_25,P07310,5.34571,SWISS-2DPAGE
92,test_25,P11150,5.3465,SWISS-2DPAGE
93,test_25,P07596,4.8,PIP-DB
94,test_25,P00570,5.1,PIP-DB
95,test_25,P99078,5.4,PIP-DB
96,test_25,P02794,5.1,SWISS-2DPAGE
97,test_25,P29744,5.35533,SWISS-2DPAGE
98,test_25,Q99WW4,5.3,PIP-DB
99,test_25,P25690,6.0,PIP-DB
100,test_25,P02766,5.8,PIP-DB
101,test_25,P00817,6.56,SWISS-2DPAGE
102,test_25,P10860,8.07,SWISS-2DPAGE
103,test_25,P52901,5.27,SWISS-2DPAGE
104,test_25,P54819,6.15,PIP-DB
105,test_25,P07225,5.435,SWISS-2DPAGE
106,test_25,Q99VC0,5.91667,SWISS-2DPAGE
107,test_25,P00318,6.74,SWISS-2DPAGE
108,test_25,P86807,4.8,PIP-DB
109,test_25,P39058,6.1,PIP-DB
110,test_25,P30040,6.3,PIP-DB
111,test_25,P00343,5.17,SWISS-2DPAGE
112,test_25,Q7A3F4,4.955,SWISS-2DPAGE
113,test_25,P15640,6.0,PIP-DB
114,test_25,P06875,5.23,SWISS-2DPAGE
115,test_25,P21373,5.6,SWISS-2DPAGE
116,test_25,P23301,6.955,SWISS-2DPAGE
117,test_25,Q29474,7.24,PIP-DB
118,test_25,Q9FAZ3,5.4,SWISS-2DPAGE
119,test_25,P60298,5.23,SWISS-2DPAGE
120,test_25,P99083,5.02,SWISS-2DPAGE
121,test_25,P0A799,5.99,SWISS-2DPAGE
122,test_25,P00315,4.88,SWISS-2DPAGE
123,test_25,P0A6F3,6.03,SWISS-2DPAGE
124,test_25,Q5QSY9,5.2,PIP-DB
125,test_25,P0ACB2,6.32,SWISS-2DPAGE
126,test_25,P0C0L5,5.35,PIP-DB
127,test_25,Q8WRF5,6.73,SWISS-2DPAGE
128,test_25,P02647,5.9,PIP-DB
129,test_25,D7S040,7.5,PIP-DB
130,test_25,P07845,5.3,PIP-DB
131,test_25,P16753,6.41,PIP-DB
132,test_25,O49218,5.6,PIP-DB
133,test_25,P04637,7.6,PIP-DB
134,test_25,Q62234,5.3,PIP-DB
135,test_25,P22188,4.9,PIP-DB
136,test_25,E5GC51,6.17,SWISS-2DPAGE
137,test_25,P40185,10.1,PIP-DB
138,test_25,P22887,5.7,PIP-DB
139,test_25,P36511,5.6,PIP-DB
140,test_25,P80299,6.5544,SWISS-2DPAGE
141,test_25,P07170,6.56,SWISS-2DPAGE
142,test_25,Q8JIR2,8.6,PIP-DB
143,test_25,Q3SAW3,5.62,PIP-DB
144,test_25,O24578,7.4,PIP-DB
145,test_25,P69783,4.6,PIP-DB
146,test_25,P00489,4.7,PIP-DB
147,test_25,A5HIP8,4.0,PIP-DB
148,test_25,C0LA90,6.19,SWISS-2DPAGE
149,test_25,O49857,6.9,PIP-DB
150,test_25,Q43009,5.515,SWISS-2DPAGE
151,test_25,Q9L9C1,9.0,PIP-DB
152,test_25,P99135,6.31,SWISS-2DPAGE
153,test_25,P04638,6.0,PIP-DB
154,test_25,Q8VIG3,4.5,PIP-DB
155,test_25,P42220,4.29,SWISS-2DPAGE
156,test_25,P0AA25,9.06,SWISS-2DPAGE
157,test_25,Q99034,5.4,PIP-DB
158,test_25,Q7SIE0,5.04,SWISS-2DPAGE
159,test_25,P01886,6.89,SWISS-2DPAGE
160,test_25,Q9XFT3,4.96,SWISS-2DPAGE
161,test_25,P69811,6.5,PIP-DB
162,test_25,P00925,4.85,SWISS-2DPAGE
163,test_25,Q7WSC1,5.65,SWISS-2DPAGE
164,test_25,P0AF18,3.9,PIP-DB
165,test_25,P80147,3.6,PIP-DB
166,test_25,P04959,4.84,SWISS-2DPAGE
167,test_25,P99125,4.62,PIP-DB
168,test_25,P0A0L2,10.8,PIP-DB
169,test_25,Q6T390,6.4,PIP-DB
170,test_25,P0A6W5,5.5,PIP-DB
171,test_25,Q6QGP4,4.9,PIP-DB
172,test_25,Q948T5,5.025,SWISS-2DPAGE
173,test_25,Q8MD06,4.9,PIP-DB
174,test_25,P02720,5.5,PIP-DB
175,test_25,P99138,5.4,SWISS-2DPAGE
176,test_25,Q9AJM4,4.97,SWISS-2DPAGE
177,test_25,P02675,4.82333,SWISS-2DPAGE
178,test_25,Q9WYB3,6.0,PIP-DB
179,test_25,P39207,9.05,PIP-DB
180,test_25,Q934G0,6.3,PIP-DB
181,test_25,P00503,7.2,PIP-DB
182,test_25,P02654,5.3,SWISS-2DPAGE
183,test_25,P25326,4.9,PIP-DB
184,test_25,Q5K3B1,6.6,PIP-DB
185,test_25,P32754,4.2,PIP-DB
186,test_25,E9T1M7,10.0,PIP-DB
187,test_25,Q7A6H8,3.5,PIP-DB
188,test_25,P04639,7.05,PIP-DB
189,test_25,P99161,5.3,SWISS-2DPAGE
190,test_25,F2ZAL6,3.55,PIP-DB
191,test_25,P52789,6.7,PIP-DB
192,test_25,P0AA43,6.37,SWISS-2DPAGE
193,test_25,F1KSL6,6.7,PIP-DB
194,test_25,P99069,5.765,SWISS-2DPAGE
195,test_25,P01223,6.3,PIP-DB
196,test_25,Q64374,5.7,PIP-DB
197,test_25,Q6VEG6,5.7,PIP-DB
198,test_25,P00282,4.92333,SWISS-2DPAGE
199,test_25,Q2HQR9,8.5,PIP-DB
200,test_25,B9SJ41,5.09,SWISS-2DPAGE
201,test_25,P0A9A9,4.4,PIP-DB
202,test_25,P0A786,8.5,PIP-DB
203,test_25,P06732,8.5,PIP-DB
204,test_25,P08878,5.11,SWISS-2DPAGE
205,test_25,P00481,8.5,PIP-DB
206,test_25,P11217,5.32455,SWISS-2DPAGE
207,test_25,P01348,5.0,PIP-DB
208,test_25,Q0II75,5.55,PIP-DB
209,test_25,P19882,6.0,PIP-DB
210,test_25,Q6XL56,5.42,SWISS-2DPAGE
211,test_25,P00516,11.0,PIP-DB
212,test_25,O06652,6.3,PIP-DB
213,test_25,P21108,4.96,SWISS-2DPAGE
214,test_25,P00792,5.13,PIP-DB
215,test_25,Q05927,6.05,SWISS-2DPAGE
216,test_25,A4IFJ5,5.15,SWISS-2DPAGE
217,test_25,Q84KK5,5.9,PIP-DB
218,test_25,P0A836,4.9,PIP-DB
219,test_25,P07683,5.75,PIP-DB
220,test_25,Q5S1S4,4.83,SWISS-2DPAGE
221,test_25,P12346,6.8,PIP-DB
222,test_25,Q72GY0,6.64,PIP-DB
223,test_25,P14152,5.75,PIP-DB
224,test_25,F5BAP8,4.9,PIP-DB
225,test_25,A8QXT1,5.52,SWISS-2DPAGE
226,test_25,Q70AC7,4.92,SWISS-2DPAGE
227,test_25,O42275,4.9,PIP-DB
228,test_25,Q9YI36,8.38,PIP-DB
229,test_25,P17505,5.16,SWISS-2DPAGE
230,test_25,P59067,4.2,PIP-DB
231,test_25,P99119,5.21,PIP-DB
232,test_25,P47738,5.34,SWISS-2DPAGE
233,test_25,Q967G9,5.16,SWISS-2DPAGE
234,test_25,P10591,7.2,PIP-DB
235,test_25,Q9WXI8,4.1,PIP-DB
236,test_25,Q17QU2,5.142,SWISS-2DPAGE
237,test_25,P38344,7.8,PIP-DB
238,test_25,O60019,4.7,PIP-DB
239,test_25,Q64471,4.83,PIP-DB
240,test_25,P99092,8.5,PIP-DB
241,test_25,P50430,4.34,PIP-DB
242,test_25,P11073,4.92,SWISS-2DPAGE
243,test_25,P15019,8.33,PIP-DB
244,test_25,Q9LKY6,8.7,PIP-DB
245,test_25,P02876,5.34,SWISS-2DPAGE
246,test_25,P62894,4.99,SWISS-2DPAGE
247,test_25,P20674,7.0,PIP-DB
248,test_25,P05787,5.5,PIP-DB
249,test_25,Q9YGI5,4.7,PIP-DB
250,test_25,P51853,5.41,SWISS-2DPAGE
251,test_25,Q64602,5.3,PIP-DB
252,test_25,P06276,6.7,PIP-DB
253,test_25,Q9PHH3,4.85,PIP-DB
254,test_25,A5HC49,6.9,PIP-DB
255,test_25,Q3T0R6,5.6,PIP-DB
256,test_25,P15304,6.8,PIP-DB
257,test_25,P99162,8.3,PIP-DB
258,test_25,P00811,6.4825,SWISS-2DPAGE
259,test_25,P0ABU2,8.4,PIP-DB
260,test_25,Q8RU73,7.9,PIP-DB
261,test_25,P29311,8.2,PIP-DB
262,test_25,Q00972,4.5,SWISS-2DPAGE
263,test_25,A5A4M8,7.0975,SWISS-2DPAGE
264,test_25,P0AB71,4.92,SWISS-2DPAGE
265,test_25,P84536,9.24,PIP-DB
266,test_25,P60857,5.062,SWISS-2DPAGE
267,test_25,P37322,5.0,PIP-DB
268,test_25,P61978,5.49,SWISS-2DPAGE
269,test_25,P14211,5.06,SWISS-2DPAGE
270,test_25,P0A850,2.86,PIP-DB
271,test_25,O70282,4.83,SWISS-2DPAGE
272,test_25,P25857,4.873,SWISS-2DPAGE
273,test_25,P0A8Q6,7.5,PIP-DB
274,test_25,Q2HPE6,4.9,PIP-DB
275,test_25,P69328,5.44,SWISS-2DPAGE
276,test_25,Q6WAU0,6.0,PIP-DB
277,test_25,P32473,5.3,PIP-DB
278,test_25,P00962,6.86,SWISS-2DPAGE
279,test_25,D9J214,9.5,PIP-DB
280,test_25,Q9DGB9,4.42187,SWISS-2DPAGE
281,test_25,P07102,4.6,PIP-DB
282,test_25,P11352,4.5,SWISS-2DPAGE
283,test_25,P0CC17,4.0,PIP-DB
284,test_25,P0ACA3,4.9,PIP-DB
285,test_25,O65396,6.0,PIP-DB
286,test_25,Q06530,6.9,PIP-DB
287,test_25,P14847,6.22,SWISS-2DPAGE
288,test_25,P67910,5.6,PIP-DB
289,test_25,P99140,4.9,PIP-DB
290,test_25,P01587,4.905,SWISS-2DPAGE
291,test_25,P00502,6.2,PIP-DB
292,test_25,Q32LE4,5.8625,SWISS-2DPAGE
293,test_25,F2YBR1,4.93,SWISS-2DPAGE
294,test_25,Q8T9V9,5.1,PIP-DB
295,test_25,P23321,7.2,PIP-DB
296,test_25,P22758,7.10909,SWISS-2DPAGE
297,test_25,Q9MYU4,6.8,PIP-DB
298,test_25,P13272,8.55,PIP-DB
299,test_25,P10518,7.282,SWISS-2DPAGE
300,test_25,Q8GRC1,5.87,SWISS-2DPAGE
301,test_25,P24192,5.4,PIP-DB
302,test_25,P0AEE5,6.94333,SWISS-2DPAGE
303,test_25,Q06069,6.11,SWISS-2DPAGE
304,test_25,Q7A5H6,7.35,PIP-DB
305,test_25,Q9YI37,4.88,SWISS-2DPAGE
306,test_25,P0C062,5.5,PIP-DB
307,test_25,P09525,3.5,PIP-DB
308,test_25,Q7A6A9,4.6,PIP-DB
309,test_25,Q00511,8.82,SWISS-2DPAGE
310,test_25,P12928,6.6,PIP-DB
311,test_25,P0AG18,4.83,SWISS-2DPAGE
312,test_25,P07902,5.78,SWISS-2DPAGE
313,test_25,P56395,5.1,PIP-DB
314,test_25,P30048,5.32,SWISS-2DPAGE
315,test_25,P99075,4.83,SWISS-2DPAGE
316,test_25,Q8WRD8,5.175,SWISS-2DPAGE
317,test_25,Q7SIC1,4.7,PIP-DB
318,test_25,P0ADG4,6.49,SWISS-2DPAGE
319,test_25,Q9FSY8,6.64,PIP-DB
320,test_25,Q1HAY5,5.3,SWISS-2DPAGE
321,test_25,P0A7A9,5.92,SWISS-2DPAGE
322,test_25,O33950,4.8575,SWISS-2DPAGE
323,test_25,A0A9J0,5.22,SWISS-2DPAGE
324,test_25,P0ACU7,6.1,PIP-DB
325,test_25,P99126,5.01333,SWISS-2DPAGE
326,test_25,C0LAM1,7.37,SWISS-2DPAGE
327,test_25,Q96C19,9.4,PIP-DB
328,test_25,P22203,5.99,PIP-DB
329,test_25,P08165,4.84,SWISS-2DPAGE
330,test_25,P00507,4.5,PIP-DB
331,test_25,P99073,5.1,PIP-DB
332,test_25,Q8TFL9,7.0,PIP-DB
333,test_25,P13645,5.665,SWISS-2DPAGE
334,test_25,P32738,6.56,PIP-DB
335,test_25,G9BDB7,5.5,PIP-DB
336,test_25,B7SW88,7.2,PIP-DB
337,test_25,B2Z3P7,6.67667,SWISS-2DPAGE
338,test_25,P56757,6.6,PIP-DB
339,test_25,Q9P8E6,5.34,PIP-DB
340,test_25,P06278,7.43,SWISS-2DPAGE
341,test_25,P81109,7.5,PIP-DB
342,test_25,P31663,5.27,SWISS-2DPAGE
343,test_25,P99079,6.8,PIP-DB
344,test_25,Q6EVD0,6.7,PIP-DB
345,test_25,P01015,5.135,SWISS-2DPAGE
346,test_25,Q6N360,4.92,SWISS-2DPAGE
347,test_25,P99064,6.77333,SWISS-2DPAGE
348,test_25,P30085,4.69,PIP-DB
349,test_25,Q29451,4.8,PIP-DB
350,test_25,Q04957,10.7,PIP-DB
351,test_25,O00093,4.35,PIP-DB
352,test_25,P46303.2,4.9,PIP-DB
353,test_25,A0ZXZ4,5.3,PIP-DB
354,test_25,E5CZV8,5.9,PIP-DB
355,test_25,P46406,6.1,PIP-DB
356,test_25,P07867,4.6,PIP-DB
357,test_25,Q8AXB5,4.81,SWISS-2DPAGE
358,test_25,P01042,4.82,PIP-DB
359,test_25,P02787,3.9,PIP-DB
360,test_25,Q7M3A6,7.08786,SWISS-2DPAGE
361,test_25,P11586,5.38,SWISS-2DPAGE
362,test_25,P99097,8.8,PIP-DB
363,test_25,P02235,5.81857,SWISS-2DPAGE
364,test_25,P0A9G6,5.522,SWISS-2DPAGE
365,test_25,P27616,5.5,SWISS-2DPAGE
366,test_25,P99108,5.0,SWISS-2DPAGE
367,test_25,P00183,8.46,PIP-DB
368,test_25,O64462,5.77,SWISS-2DPAGE
369,test_25,P17751,4.88889,SWISS-2DPAGE
370,test_25,Q9ZR75,6.3,PIP-DB
371,test_25,P0A9H3,4.0,PIP-DB
372,test_25,P0A9D8,7.6,PIP-DB
373,test_25,Q14002,3.7,PIP-DB
374,test_25,O59896,4.99,SWISS-2DPAGE
375,test_25,P99087,5.2,PIP-DB
376,test_25,Q8KRQ7,6.0,PIP-DB
377,test_25,Q9QXD6,4.815,SWISS-2DPAGE
378,test_25,Q9JHU6,5.8,SWISS-2DPAGE
379,test_25,P00807,4.92,SWISS-2DPAGE
380,test_25,P01132,6.83,SWISS-2DPAGE
381,test_25,P94523,8.0,PIP-DB
382,test_25,P0AF03,8.35,PIP-DB
383,test_25,C0M9F5,4.85,PIP-DB
384,test_25,F8KA59,6.5,PIP-DB
385,test_25,P0A6G7,5.545,SWISS-2DPAGE
386,test_25,P37903,5.18,SWISS-2DPAGE
387,test_25,P83433,8.7,PIP-DB
388,test_25,Q8AV11,6.29866,SWISS-2DPAGE
389,test_25,P0DI88,5.705,SWISS-2DPAGE
390,test_25,P19668,5.3625,SWISS-2DPAGE
391,test_25,A1XRN2,6.5,PIP-DB
392,test_25,P0AAN3,4.4,PIP-DB
393,test_25,P24021,6.53,SWISS-2DPAGE
394,test_25,D0VP31,4.88667,SWISS-2DPAGE
395,test_25,P12265,7.8,PIP-DB
396,test_25,P0AEQ3,8.9,PIP-DB
397,test_25,P69050,8.6,PIP-DB
398,test_25,P99093,8.9,PIP-DB
399,test_25,P02930,6.3,PIP-DB
400,test_25,Q9AT33,5.3,PIP-DB
401,test_25,P05201,4.0,PIP-DB
402,test_25,P37329,5.42,SWISS-2DPAGE
403,test_25,P99077,9.1,PIP-DB
404,test_25,P26447,4.2,PIP-DB
405,test_25,Q9AVK0,5.25,PIP-DB
406,test_25,P02790,8.995,PIP-DB
407,test_25,Q9XCD4,5.3,PIP-DB
408,test_25,Q5MQ84,7.6,PIP-DB
409,test_25,P80857,5.9,PIP-DB
410,test_25,Q9AQR5,6.5,PIP-DB
411,test_25,Q2BC41,4.71,SWISS-2DPAGE
412,test_25,P07738,4.80667,SWISS-2DPAGE
413,test_25,Q96IU4,5.27,SWISS-2DPAGE
414,test_25,Q6EM46,4.9,PIP-DB
415,test_25,P08729,3.5,PIP-DB
416,test_25,Q12884,6.5,PIP-DB
417,test_25,P0AFG0,5.895,SWISS-2DPAGE
418,test_25,P0A6M8,5.92333,SWISS-2DPAGE
419,test_25,P16643,6.08,SWISS-2DPAGE
420,test_25,Q7A6H3,5.4,PIP-DB
421,test_25,P0A7X6,6.0,SWISS-2DPAGE
422,test_25,Q52NW7,6.0,SWISS-2DPAGE
423,test_25,O24821,4.7,PIP-DB
424,test_25,C7S340,4.5,PIP-DB
425,test_25,P80092,4.8,PIP-DB
426,test_25,P06727,3.6,PIP-DB
427,test_25,Q8X123,8.0,PIP-DB
428,test_25,Q41539,6.31,PIP-DB
429,test_25,Q9NR45,4.8,PIP-DB
430,test_25,P60108,5.8,SWISS-2DPAGE
431,test_25,Q8KRU5,4.9,PIP-DB
432,test_25,P17256,4.7,PIP-DB
433,test_25,P0A870,5.63,SWISS-2DPAGE
434,test_25,P61316,5.474,SWISS-2DPAGE
435,test_25,Q62967,5.64,SWISS-2DPAGE
436,test_25,P0ABB0,4.89,SWISS-2DPAGE
437,test_25,P04401,5.518,SWISS-2DPAGE
438,test_25,P26624,5.0,SWISS-2DPAGE
439,test_25,Q88PA4,5.24,SWISS-2DPAGE
440,test_25,P00736,4.68,SWISS-2DPAGE
441,test_25,Q0V8R6,7.35,PIP-DB
442,test_25,P02754,8.3,PIP-DB
443,test_25,P99117,5.1,PIP-DB
444,test_25,Q9DEX3,5.0525,SWISS-2DPAGE
445,test_25,Q06006,5.75,PIP-DB
446,test_25,C2D0D1,5.02333,SWISS-2DPAGE
447,test_25,P60120,5.98667,SWISS-2DPAGE
448,test_25,Q5EGS7,5.3,PIP-DB
449,test_25,P04179,8.75,PIP-DB
450,test_25,P82597,6.1,PIP-DB
451,test_25,P06766,5.18,SWISS-2DPAGE
452,test_25,P00558,3.5,PIP-DB
453,test_25,P21139,8.1,PIP-DB
454,test_25,Q1W6B1,6.2,PIP-DB
455,test_25,P00563,5.12,PIP-DB
456,test_25,Q7A627,4.89,SWISS-2DPAGE
457,test_25,P19985,3.5,PIP-DB
458,test_25,P00904,6.3,PIP-DB
459,test_25,P05793,6.3,PIP-DB
460,test_25,P0ADI4,5.6,PIP-DB
461,test_25,P0AE08,5.17,SWISS-2DPAGE
462,test_25,B8M9H9,5.78,SWISS-2DPAGE
463,test_25,P99098,7.55,SWISS-2DPAGE
464,test_25,Q9FQ07,5.0225,SWISS-2DPAGE
465,test_25,P0AG05,4.65,PIP-DB
466,test_25,O70160,6.05,SWISS-2DPAGE
467,test_25,P00376,5.33,SWISS-2DPAGE
468,test_25,Q03265,5.92,SWISS-2DPAGE
469,test_25,P0AE52,4.85,SWISS-2DPAGE
470,test_25,P0A903,7.05,SWISS-2DPAGE
471,test_25,B7A716,8.3,PIP-DB
472,test_25,P00348,4.68,SWISS-2DPAGE
473,test_25,O75223,4.45,PIP-DB
474,test_25,P19854,5.4,PIP-DB
475,test_25,P05064,5.11333,SWISS-2DPAGE
476,test_25,Q6A168,3.9,PIP-DB
477,test_25,P25890,4.2,PIP-DB
478,test_25,P00830,5.3,PIP-DB
479,test_25,A0SHR2,6.19,SWISS-2DPAGE
480,test_25,P00959,3.09,PIP-DB
481,test_25,Q7T2I5,6.5,PIP-DB
482,test_25,P13233,5.1,PIP-DB
483,test_25,Q8J0S3,6.92,SWISS-2DPAGE
484,test_25,P0AG78,5.6,SWISS-2DPAGE
485,test_25,O35969,8.58,PIP-DB
486,test_25,P20062,5.06333,SWISS-2DPAGE
487,test_25,P38998,5.2,SWISS-2DPAGE
488,test_25,P0ABP8,5.38,SWISS-2DPAGE
489,test_25,P08727,5.78333,SWISS-2DPAGE
490,test_25,Q61171,4.6375,SWISS-2DPAGE
491,test_25,O35535,5.3,SWISS-2DPAGE
492,test_25,A7KY78,5.76,SWISS-2DPAGE
493,test_25,P16276,5.22,SWISS-2DPAGE
494,test_25,P55159,7.0,PIP-DB
495,test_25,P63284,4.83,SWISS-2DPAGE
496,test_25,P08861,7.0,PIP-DB
497,test_25,Q8YSZ1,5.31,SWISS-2DPAGE
498,test_25,Q8L0X8,5.17,SWISS-2DPAGE
499,test_25,B2LSM8,6.0,PIP-DB
500,test_25,P95493,4.2,PIP-DB
501,test_25,P69905,5.24,SWISS-2DPAGE
502,test_25,Q8J0N2,5.0,PIP-DB
503,test_25,Q06830,8.4,PIP-DB
504,test_25,Q12596,5.1,PIP-DB
505,test_25,P50849,5.89,SWISS-2DPAGE
506,test_25,P99062,5.3,PIP-DB
507,test_25,P29758,7.3,PIP-DB
508,test_25,P01094,5.285,SWISS-2DPAGE
509,test_25,Q94BW5,4.85,PIP-DB
510,test_25,P00791,5.56,SWISS-2DPAGE
511,test_25,Q90705,5.1,PIP-DB
512,test_25,A0JSC2,4.96667,SWISS-2DPAGE
513,test_25,Q6T248,4.5,PIP-DB
514,test_25,Q876R3,5.54,PIP-DB
515,test_25,P16949,4.55,PIP-DB
516,test_25,P45578,4.7,PIP-DB
517,test_25,Q308C1,4.84,SWISS-2DPAGE
518,test_25,Q99SZ3,5.0,PIP-DB
519,test_25,P05938,7.0,PIP-DB
520,test_25,Q8RR56,3.6,PIP-DB
521,test_25,P11412,4.85,PIP-DB
522,test_25,P00939,5.41,SWISS-2DPAGE
523,test_25,Q920P6,7.9,PIP-DB
524,test_25,Q9L4P2,5.6,PIP-DB
525,test_25,P07570,7.0,PIP-DB
526,test_25,P99147,5.33,SWISS-2DPAGE
527,test_25,P23927,4.545,SWISS-2DPAGE
528,test_25,P06746,6.5,SWISS-2DPAGE
529,test_25,Q9FT03,7.1,PIP-DB
530,test_25,Q6PL88,8.32,PIP-DB
531,test_25,P81294,7.99333,SWISS-2DPAGE
532,test_25,P25856,6.88,SWISS-2DPAGE
533,test_25,P00515,5.06,SWISS-2DPAGE
534,test_25,O42190,8.04857,SWISS-2DPAGE
535,test_25,Q3SZM5,9.4,PIP-DB
536,test_25,P00885,9.05154,SWISS-2DPAGE
537,test_25,P00888,5.2,PIP-DB
538,test_25,P00752,6.75,PIP-DB
539,test_25,P02789,4.8,PIP-DB
540,test_25,Q9AJR9,3.13,PIP-DB
541,test_25,P11980,5.12667,SWISS-2DPAGE
542,test_25,P0AGE0,5.7,PIP-DB
543,test_25,P38646,5.12,SWISS-2DPAGE
544,test_25,P32806,9.65,PIP-DB
545,test_25,P04004,5.4,PIP-DB
546,test_25,Q84AP9,6.7,SWISS-2DPAGE
547,test_25,P53991,5.475,PIP-DB
548,test_25,P61626,5.544,SWISS-2DPAGE
549,test_25,P01942,4.1,PIP-DB
550,test_25,P39099,4.55,PIP-DB
551,test_25,P0A7E9,4.9,PIP-DB
552,test_25,O93964,5.1,PIP-DB
553,test_25,P76290,5.29,SWISS-2DPAGE
554,test_25,P69054,4.9,PIP-DB
555,test_25,P02763,5.08,SWISS-2DPAGE
556,test_25,P00651,5.88,PIP-DB
557,test_25,P0A7E1,4.7,PIP-DB
558,test_25,Q99SC3,4.88,PIP-DB
559,test_25,P30115,3.7,PIP-DB
560,test_25,P04116,7.28,SWISS-2DPAGE
561,test_25,P97457,6.9,PIP-DB
562,test_25,Q9SBZ0,6.8,PIP-DB
563,test_25,P21889,9.33,PIP-DB
564,test_25,P49435,4.4,PIP-DB
565,test_25,F3K5Y5,4.3,PIP-DB
566,test_25,P80545,4.5,PIP-DB
567,test_25,O88986,5.1,PIP-DB
568,test_25,O09018,8.2,PIP-DB
569,test_25,Q9SRY5,6.0,PIP-DB
570,test_25,P05067,6.8,PIP-DB
571,test_25,P99109,7.9,PIP-DB
572,test_25,P0AFM2,3.9,PIP-DB
573,test_25,P51469,6.7,PIP-DB
574,test_25,P38418,4.64,PIP-DB
575,test_25,P29372,8.1,PIP-DB
576,test_25,P08419,10.0,PIP-DB
577,test_25,Q7A4D8,6.0,PIP-DB
578,test_25,P0A9P4,5.8,PIP-DB
579,test_25,P19536,5.0,PIP-DB
580,test_25,P0A817,6.6,PIP-DB
581,test_25,P41361,6.0,PIP-DB
582,train_75,B1GSN6,6.55,PIP-DB
583,train_75,P00921,4.9,PIP-DB
584,train_75,P0ABD8,5.43,PIP-DB
585,train_75,P0AAI9,5.1,PIP-DB
586,train_75,P0A7Z4,4.8,PIP-DB
587,train_75,P09117,8.75,PIP-DB
588,train_75,P24855,4.44,PIP-DB
589,train_75,P99175,4.85,PIP-DB
590,train_75,P0A853,4.05,PIP-DB
591,train_75,Q42566,3.85,PIP-DB
592,train_75,Q75UV2,4.2,PIP-DB
593,train_75,P81425,4.9,PIP-DB
594,train_75,P07237,3.8,PIP-DB
595,train_75,Q6D1L9,5.2,PIP-DB
596,train_75,P62993,6.15,PIP-DB
597,train_75,P21238,11.7,PIP-DB
598,train_75,Q9RG51,6.1,PIP-DB
599,train_75,F6N111,6.55,PIP-DB
600,train_75,Q3YAW3,4.2,PIP-DB
601,train_75,Q02497,8.37,PIP-DB
602,train_75,P60891,9.7,PIP-DB
603,train_75,Q42539,5.7,PIP-DB
604,train_75,I7CR48,4.9,PIP-DB
605,train_75,Q43716,9.6,PIP-DB
606,train_75,Q76EJ2,7.3,PIP-DB
607,train_75,Q96IY4,5.08,PIP-DB
608,train_75,P36683,4.0,PIP-DB
609,train_75,P83218,4.9,PIP-DB
610,train_75,Q01738,4.4,PIP-DB
611,train_75,C5H433,5.2,PIP-DB
612,train_75,P14550,4.4,PIP-DB
613,train_75,P20164,4.3,PIP-DB
614,train_75,P08200,5.5,PIP-DB
615,train_75,P30039,4.77,PIP-DB
616,train_75,P69892,4.3,PIP-DB
617,train_75,P01024,4.63,PIP-DB
618,train_75,Q27701,7.3,PIP-DB
619,train_75,P01242,5.3,PIP-DB
620,train_75,P37829,7.5,PIP-DB
621,train_75,P0AFZ3,5.9,PIP-DB
622,train_75,B2HCV5,9.86,PIP-DB
623,train_75,C5IXN8,9.4,PIP-DB
624,train_75,O04795,5.0,PIP-DB
625,train_75,Q9K5F2,5.8,PIP-DB
626,train_75,D3H5H5,5.5,PIP-DB
627,train_75,P43213,5.27,PIP-DB
628,train_75,A8D0B7,6.3,PIP-DB
629,train_75,P06987,5.0,PIP-DB
630,train_75,P99169,6.8,PIP-DB
631,train_75,Q8L163,6.5,PIP-DB
632,train_75,D3ZXB8,6.4,PIP-DB
633,train_75,P95896,7.9,PIP-DB
634,train_75,P63261,8.6,PIP-DB
635,train_75,P0ADX9,8.7,PIP-DB
636,train_75,P80226,5.4,PIP-DB
637,train_75,C3SWJ8,4.7,PIP-DB
638,train_75,P00795,6.4,PIP-DB
639,train_75,Q58HN1,4.7,PIP-DB
640,train_75,O60020,5.1,PIP-DB
641,train_75,Q2YHQ5,4.2,PIP-DB
642,train_75,P58774,9.7,PIP-DB
643,train_75,P36415,6.0,PIP-DB
644,train_75,P0AET2,3.9,PIP-DB
645,train_75,Q93M26,5.4,PIP-DB
646,train_75,P82114,7.3,PIP-DB
647,train_75,P11177,5.35,PIP-DB
648,train_75,Q9R088,10.5,PIP-DB
649,train_75,Q764N8,3.8,PIP-DB
650,train_75,P07148,6.7,PIP-DB
651,train_75,P19595,5.6,PIP-DB
652,train_75,O03042,4.75,PIP-DB
653,train_75,C7N8L9,6.45,PIP-DB
654,train_75,Q7RVA8,8.5,PIP-DB
655,train_75,Q9LBD1,8.7,PIP-DB
656,train_75,P02630.1,4.9,PIP-DB
657,train_75,P04184,6.6,PIP-DB
658,train_75,P81077,4.87,PIP-DB
659,train_75,Q63108,3.55,PIP-DB
660,train_75,C1JCL7,4.6,PIP-DB
661,train_75,P00954,9.5,PIP-DB
662,train_75,Q5ZLK5,7.0,PIP-DB
663,train_75,P16015,6.71917,SWISS-2DPAGE
664,train_75,Q2HJ44,8.94,PIP-DB
665,train_75,P02234,6.5,PIP-DB
666,train_75,Q99R57,5.9,PIP-DB
667,train_75,P63020,7.04,SWISS-2DPAGE
668,train_75,Q1ERG2,6.4025,SWISS-2DPAGE
669,train_75,P09402,7.1,SWISS-2DPAGE
670,train_75,P49888,8.82,SWISS-2DPAGE
671,train_75,Q8GBW6,5.01,SWISS-2DPAGE
672,train_75,P99099,4.8,PIP-DB
673,train_75,P00445,4.8,PIP-DB
674,train_75,P22303,5.85,PIP-DB
675,train_75,P37902,4.94167,SWISS-2DPAGE
676,train_75,Q2I011,5.6,PIP-DB
677,train_75,P06961,5.38,SWISS-2DPAGE
678,train_75,P0AF12,8.4,PIP-DB
679,train_75,P04846,6.8,PIP-DB
680,train_75,P99113,5.90714,SWISS-2DPAGE
681,train_75,P21553,5.5,PIP-DB
682,train_75,Q22GF3,9.57,PIP-DB
683,train_75,P63017,6.63,SWISS-2DPAGE
684,train_75,P69060,6.2,PIP-DB
685,train_75,P24057,4.85,SWISS-2DPAGE
686,train_75,Q1L2C7,4.7,PIP-DB
687,train_75,P07813,5.5,PIP-DB
688,train_75,P34760,5.5,PIP-DB
689,train_75,P99155,4.8,PIP-DB
690,train_75,P0AFC7,4.97,SWISS-2DPAGE
691,train_75,P02774,4.66,SWISS-2DPAGE
692,train_75,P15288,6.32,SWISS-2DPAGE
693,train_75,P26315,6.35,PIP-DB
694,train_75,G3I7V6,5.52,SWISS-2DPAGE
695,train_75,P75797,5.5,SWISS-2DPAGE
696,train_75,P21165,4.7,PIP-DB
697,train_75,P19602,3.5,PIP-DB
698,train_75,P06280,5.4225,SWISS-2DPAGE
699,train_75,P42720,6.4,PIP-DB
700,train_75,P11413,4.89333,SWISS-2DPAGE
701,train_75,P99144,6.0,SWISS-2DPAGE
702,train_75,P81383,6.21,SWISS-2DPAGE
703,train_75,P32662,6.92,SWISS-2DPAGE
704,train_75,E9M5G1,5.38,SWISS-2DPAGE
705,train_75,P80081,5.6,PIP-DB
706,train_75,P0C590,6.6,PIP-DB
707,train_75,P81108,5.0,PIP-DB
708,train_75,P82288,4.8,PIP-DB
709,train_75,P04807,5.14,SWISS-2DPAGE
710,train_75,P60174,4.98,SWISS-2DPAGE
711,train_75,P50107,5.0,PIP-DB
712,train_75,P06211,5.135,SWISS-2DPAGE
713,train_75,P25409,8.6,PIP-DB
714,train_75,P06801,5.42333,SWISS-2DPAGE
715,train_75,P02743,4.95,SWISS-2DPAGE
716,train_75,Q60932,4.3,PIP-DB
717,train_75,P20004,5.4,PIP-DB
718,train_75,P0A6E4,5.16,SWISS-2DPAGE
719,train_75,Q2HYU2,6.1,PIP-DB
720,train_75,Q8JIY9,6.74667,SWISS-2DPAGE
721,train_75,Q3KR80,5.39,SWISS-2DPAGE
722,train_75,O00107,6.15,PIP-DB
723,train_75,P77395,6.49,PIP-DB
724,train_75,P23721,6.7,PIP-DB
725,train_75,P00352,5.06,SWISS-2DPAGE
726,train_75,P02205,6.08,SWISS-2DPAGE
727,train_75,B0FJW7,4.555,SWISS-2DPAGE
728,train_75,P08659,5.1,PIP-DB
729,train_75,P86181,6.4,PIP-DB
730,train_75,P59069,6.1,PIP-DB
731,train_75,O35423,5.1,SWISS-2DPAGE
732,train_75,B1MV77,5.22667,SWISS-2DPAGE
733,train_75,P07662,5.31,SWISS-2DPAGE
734,train_75,P99141,5.14333,SWISS-2DPAGE
735,train_75,P00549,5.2,SWISS-2DPAGE
736,train_75,P15289,5.3,SWISS-2DPAGE
737,train_75,P31949,4.9,PIP-DB
738,train_75,Q9KWL3,5.15,PIP-DB
739,train_75,P45880,5.7,PIP-DB
740,train_75,Q8N4E7,4.8,PIP-DB
741,train_75,Q3SZM7,4.45,PIP-DB
742,train_75,P08670,5.79,PIP-DB
743,train_75,P96471,3.8,PIP-DB
744,train_75,P35704,6.13,SWISS-2DPAGE
745,train_75,P0AES9,5.6,PIP-DB
746,train_75,A8R072,4.6,PIP-DB
747,train_75,Q6A169,4.4,PIP-DB
748,train_75,P0A9Q9,4.93333,SWISS-2DPAGE
749,train_75,D0V0C9,4.9,PIP-DB
750,train_75,Q9FV26,4.9,PIP-DB
751,train_75,P25311,5.6,PIP-DB
752,train_75,A4F2S6,9.7,PIP-DB
753,train_75,P00942,3.58,PIP-DB
754,train_75,Q9KWR2,6.11,SWISS-2DPAGE
755,train_75,P0A9H9,4.8,PIP-DB
756,train_75,B7GQ10,8.54,SWISS-2DPAGE
757,train_75,P01139,6.3,PIP-DB
758,train_75,Q84C08,6.42,PIP-DB
759,train_75,P0AEU0,4.78,SWISS-2DPAGE
760,train_75,P55859,4.5,PIP-DB
761,train_75,P31427,5.975,SWISS-2DPAGE
762,train_75,Q7ZZW1,5.82,SWISS-2DPAGE
763,train_75,P06168,4.92,SWISS-2DPAGE
764,train_75,P30967,6.66,SWISS-2DPAGE
765,train_75,P60010,6.58,PIP-DB
766,train_75,A0SZ75,6.66,SWISS-2DPAGE
767,train_75,P07632,7.2,PIP-DB
768,train_75,Q6IP81,6.55,SWISS-2DPAGE
769,train_75,P76149,5.65,SWISS-2DPAGE
770,train_75,O04309,4.94,SWISS-2DPAGE
771,train_75,Q2QTJ7,6.3,PIP-DB
772,train_75,P39687,9.0,PIP-DB
773,train_75,P00568,5.2,PIP-DB
774,train_75,O52195,5.3,PIP-DB
775,train_75,Q9HWK6,5.5,SWISS-2DPAGE
776,train_75,P05055,7.09,PIP-DB
777,train_75,P83201,5.1,PIP-DB
778,train_75,P47999,6.3,PIP-DB
779,train_75,P00370,8.52,PIP-DB
780,train_75,P11827,8.09,SWISS-2DPAGE
781,train_75,P0ADE6,5.08,SWISS-2DPAGE
782,train_75,Q8VPD4,5.05,SWISS-2DPAGE
783,train_75,P27773,5.47,SWISS-2DPAGE
784,train_75,P46283,4.83,SWISS-2DPAGE
785,train_75,P0A7Z0,6.2,PIP-DB
786,train_75,P0A858,6.1,PIP-DB
787,train_75,P99071,5.44,SWISS-2DPAGE
788,train_75,P05156,5.44,SWISS-2DPAGE
789,train_75,Q0CAU6,5.72667,SWISS-2DPAGE
790,train_75,P30044,5.05,PIP-DB
791,train_75,Q9HM85,5.2,PIP-DB
792,train_75,P00758,5.6,PIP-DB
793,train_75,Q3T0P6,4.2,SWISS-2DPAGE
794,train_75,P01268,4.95,SWISS-2DPAGE
795,train_75,Q29RZ0,5.89,SWISS-2DPAGE
796,train_75,P02776,4.935,SWISS-2DPAGE
797,train_75,P19404,4.852,SWISS-2DPAGE
798,train_75,Q9LAP7,5.9,SWISS-2DPAGE
799,train_75,Q9S0N0,9.63,PIP-DB
800,train_75,P02088,6.94091,SWISS-2DPAGE
801,train_75,P15626,5.2,PIP-DB
802,train_75,Q9R2S1,3.6,PIP-DB
803,train_75,Q9BTY2,6.71,SWISS-2DPAGE
804,train_75,P46527,6.26,SWISS-2DPAGE
805,train_75,Q8X151,6.23,SWISS-2DPAGE
806,train_75,Q6GFC0,5.22,SWISS-2DPAGE
807,train_75,P81370,5.3,PIP-DB
808,train_75,Q99MH4,5.3,PIP-DB
809,train_75,B3Y8K5,4.41,SWISS-2DPAGE
810,train_75,P01106,8.24,SWISS-2DPAGE
811,train_75,Q2PGY1,4.33,SWISS-2DPAGE
812,train_75,P24549,5.59,SWISS-2DPAGE
813,train_75,Q9XI01,6.25,PIP-DB
814,train_75,P49887,5.9,PIP-DB
815,train_75,F1LAK6,6.2,PIP-DB
816,train_75,Q84MZ3,5.6,PIP-DB
817,train_75,Q56SF5,6.12,SWISS-2DPAGE
818,train_75,P60903,6.12,SWISS-2DPAGE
819,train_75,P12004,5.7675,SWISS-2DPAGE
820,train_75,Q9FVA2,5.495,SWISS-2DPAGE
821,train_75,Q9ZAE1,6.05,PIP-DB
822,train_75,Q96VC5,6.46,PIP-DB
823,train_75,P07882,6.3,PIP-DB
824,train_75,P00747,5.9,PIP-DB
825,train_75,Q05431,4.90231,SWISS-2DPAGE
826,train_75,P28299,6.5,PIP-DB
827,train_75,P09155,6.36,SWISS-2DPAGE
828,train_75,P09616,5.4,PIP-DB
829,train_75,P10371,4.202,SWISS-2DPAGE
830,train_75,Q60610,5.1,PIP-DB
831,train_75,P38936,4.95,PIP-DB
832,train_75,O00085,6.3,PIP-DB
833,train_75,A2QL36,6.0,PIP-DB
834,train_75,P16580,5.32,PIP-DB
835,train_75,P05121,3.52,PIP-DB
836,train_75,O62731,5.8,PIP-DB
837,train_75,P77348,4.4,PIP-DB
838,train_75,P11679,6.10667,SWISS-2DPAGE
839,train_75,P29853,4.65,PIP-DB
840,train_75,Q3LGA9,5.33,SWISS-2DPAGE
841,train_75,P02750,5.64,SWISS-2DPAGE
842,train_75,Q9EPB1,6.32083,SWISS-2DPAGE
843,train_75,P22360,7.7,PIP-DB
844,train_75,P0AE04,4.71,SWISS-2DPAGE
845,train_75,P30046,5.1,PIP-DB
846,train_75,P13448,4.9,PIP-DB
847,train_75,Q70SY0,5.72,PIP-DB
848,train_75,P99104,5.42333,SWISS-2DPAGE
849,train_75,Q7LIJ0,5.3,SWISS-2DPAGE
850,train_75,P15705,4.9,PIP-DB
851,train_75,F8TRX0,6.35,PIP-DB
852,train_75,P34121,4.6,PIP-DB
853,train_75,Q9FEA6,5.4,PIP-DB
854,train_75,P15105,4.48,SWISS-2DPAGE
855,train_75,P08244,6.53,PIP-DB
856,train_75,Q27GR5,6.05,PIP-DB
857,train_75,P31757,5.7,PIP-DB
858,train_75,P99174,6.9,SWISS-2DPAGE
859,train_75,P99029,6.5,PIP-DB
860,train_75,P23909,4.0,PIP-DB
861,train_75,A3LY17,8.4,PIP-DB
862,train_75,P02692,6.56,SWISS-2DPAGE
863,train_75,E3T803,4.8,PIP-DB
864,train_75,CAA46635.1,4.62,SWISS-2DPAGE
865,train_75,P0AG67,5.4,PIP-DB
866,train_75,Q7XAS7,6.8,PIP-DB
867,train_75,Q2I8V6,5.35,PIP-DB
868,train_75,F1C7I4,5.8,PIP-DB
869,train_75,P05100,7.4,PIP-DB
870,train_75,P80025,4.9825,SWISS-2DPAGE
871,train_75,Q7M529,5.09,SWISS-2DPAGE
872,train_75,B4YY02,4.88,SWISS-2DPAGE
873,train_75,Q62426,9.3,PIP-DB
874,train_75,Q04760,5.7,PIP-DB
875,train_75,E2D0Y9,4.0,PIP-DB
876,train_75,Q9X592,4.6,PIP-DB
877,train_75,Q95M17,5.1,PIP-DB
878,train_75,Q9SP05,4.9,PIP-DB
879,train_75,P0A862,6.6,PIP-DB
880,train_75,Q9DBJ1,4.8,PIP-DB
881,train_75,P29715,6.5,PIP-DB
882,train_75,P02652,5.1,PIP-DB
883,train_75,Q2HPM1,5.2,PIP-DB
884,train_75,Q9UUZ3,5.26833,SWISS-2DPAGE
885,train_75,P00172,4.7,PIP-DB
886,train_75,P68369,4.95333,SWISS-2DPAGE
887,train_75,Q9SP37,5.0,PIP-DB
888,train_75,Q3S615,5.06,PIP-DB
889,train_75,P22352,4.69857,SWISS-2DPAGE
890,train_75,Q99W73,7.32,SWISS-2DPAGE
891,train_75,Q1ERG1,5.1,PIP-DB
892,train_75,P99134,7.25,PIP-DB
893,train_75,O00092,5.28,SWISS-2DPAGE
894,train_75,P08842,5.29,SWISS-2DPAGE
895,train_75,Q43014,4.8,PIP-DB
896,train_75,P56537,5.37,SWISS-2DPAGE
897,train_75,P06959,4.45,PIP-DB
898,train_75,P99149,4.45,PIP-DB
899,train_75,O75934,4.45,PIP-DB
900,train_75,P31854,4.45,PIP-DB
901,train_75,P04419,6.1,PIP-DB
902,train_75,P05062,5.1,PIP-DB
903,train_75,Q88VY1,5.05,SWISS-2DPAGE
904,train_75,D5KJH8,5.05,SWISS-2DPAGE
905,train_75,P99176,7.13,SWISS-2DPAGE
906,train_75,Q42368,5.825,SWISS-2DPAGE
907,train_75,P26281,7.05,PIP-DB
908,train_75,AAB05226.1,4.6,PIP-DB
909,train_75,P10896,4.81,SWISS-2DPAGE
910,train_75,O08749,7.0,PIP-DB
911,train_75,Q9UXR8,5.4,PIP-DB
912,train_75,P25974,5.0,PIP-DB
913,train_75,B2CNY5,4.9,PIP-DB
914,train_75,P06988,4.78,SWISS-2DPAGE
915,train_75,P25691,8.6,PIP-DB
916,train_75,Q8MXA5,4.9,PIP-DB
917,train_75,P0AD59,6.0,PIP-DB
918,train_75,P0A917,5.64,PIP-DB
919,train_75,Q99WA5,5.475,SWISS-2DPAGE
920,train_75,P60906,6.7,PIP-DB
921,train_75,P99136,7.29,SWISS-2DPAGE
922,train_75,P04632,6.6,SWISS-2DPAGE
923,train_75,P05825,6.15,SWISS-2DPAGE
924,train_75,P27487,6.75,SWISS-2DPAGE
925,train_75,Q8W257,4.96,SWISS-2DPAGE
926,train_75,P19388,5.47,SWISS-2DPAGE
927,train_75,P35505,4.3,PIP-DB
928,train_75,P01078,4.6,PIP-DB
929,train_75,Q8NIB5,6.33,SWISS-2DPAGE
930,train_75,P0AB26,5.1,PIP-DB
931,train_75,P10809,5.535,SWISS-2DPAGE
932,train_75,P00378,6.8,PIP-DB
933,train_75,P09543,4.97,SWISS-2DPAGE
934,train_75,O60993,5.5,PIP-DB
935,train_75,P07724,5.3,PIP-DB
936,train_75,P0C942,7.7,PIP-DB
937,train_75,Q29551,4.2,PIP-DB
938,train_75,P53626,5.22,SWISS-2DPAGE
939,train_75,P85289,5.59,SWISS-2DPAGE
940,train_75,Q9P358,7.0,PIP-DB
941,train_75,E3G3U8,4.34,SWISS-2DPAGE
942,train_75,P35176,6.5,PIP-DB
943,train_75,P32119,5.71,SWISS-2DPAGE
944,train_75,P24270,5.16,PIP-DB
945,train_75,P15018,6.1,SWISS-2DPAGE
946,train_75,P0A8M0,5.21,SWISS-2DPAGE
947,train_75,Q6VEG5,5.4,PIP-DB
948,train_75,Q4W6L6,6.09,SWISS-2DPAGE
949,train_75,P0A805,4.7,PIP-DB
950,train_75,Q04179,5.0,PIP-DB
951,train_75,P0AE67,4.9075,SWISS-2DPAGE
952,train_75,P0A7R1,4.58,PIP-DB
953,train_75,Q5M886,4.75,PIP-DB
954,train_75,P11499,4.99,SWISS-2DPAGE
955,train_75,P99177,5.45,SWISS-2DPAGE
956,train_75,P99080,5.57231,SWISS-2DPAGE
957,train_75,P0AC69,8.0,PIP-DB
958,train_75,Q9XDT2,5.7025,SWISS-2DPAGE
959,train_75,P04217,4.6,PIP-DB
960,train_75,P55330,5.45,PIP-DB
961,train_75,P0AED0,4.7,PIP-DB
962,train_75,Q9RB42,5.8,PIP-DB
963,train_75,NP_372143.1,4.925,SWISS-2DPAGE
964,train_75,Q06520,6.0,PIP-DB
965,train_75,P50903,6.56333,SWISS-2DPAGE
966,train_75,P02656,7.1,PIP-DB
967,train_75,A6N0M4,8.3,PIP-DB
968,train_75,Q52086,4.96,SWISS-2DPAGE
969,train_75,P17764,3.75,PIP-DB
970,train_75,P0AC55,6.0,PIP-DB
971,train_75,P99145,4.83,SWISS-2DPAGE
972,train_75,O08501,5.75,PIP-DB
973,train_75,P22222,4.7,PIP-DB
974,train_75,Q2RRN5,7.22,SWISS-2DPAGE
975,train_75,P00774,4.87,SWISS-2DPAGE
976,train_75,P21399,4.8,PIP-DB
977,train_75,AAA29162.1,6.07,PIP-DB
978,train_75,P25872,4.8,PIP-DB
979,train_75,Q833V7,6.58,SWISS-2DPAGE
980,train_75,P0AAC0,4.18,SWISS-2DPAGE
981,train_75,P0AGD3,4.7,PIP-DB
982,train_75,P37207,5.94,SWISS-2DPAGE
983,train_75,Q3MHL4,7.0,PIP-DB
984,train_75,A6N8F0,6.51,SWISS-2DPAGE
985,train_75,P15312,5.84667,SWISS-2DPAGE
986,train_75,Q45EY0,5.61,SWISS-2DPAGE
987,train_75,Q8VED9,6.7,SWISS-2DPAGE
988,train_75,Q99UE2,8.5,PIP-DB
989,train_75,P07046,9.6,PIP-DB
990,train_75,P17661,7.6,PIP-DB
991,train_75,Q7LZG1,5.17,SWISS-2DPAGE
992,train_75,Q5EAC2,2.75,PIP-DB
993,train_75,P00883,3.0,PIP-DB
994,train_75,P31554,4.4,PIP-DB
995,train_75,Q99WW8,4.72,SWISS-2DPAGE
996,train_75,P27443,5.24,SWISS-2DPAGE
997,train_75,Q9SCG9,5.605,SWISS-2DPAGE
998,train_75,Q8KSA6,8.42857,SWISS-2DPAGE
999,train_75,Q8GD10,4.39667,SWISS-2DPAGE
1000,train_75,Q8BK48,6.26,PIP-DB
1001,train_75,P06536,6.7,PIP-DB
1002,train_75,P46108,5.7,PIP-DB
1003,train_75,P17289,4.95,PIP-DB
1004,train_75,Q9SE50,5.91,PIP-DB
1005,train_75,P99129,8.595,SWISS-2DPAGE
1006,train_75,P00004,4.67,SWISS-2DPAGE
1007,train_75,P04182,4.794,SWISS-2DPAGE
1008,train_75,Q00623,6.5,PIP-DB
1009,train_75,P19366,6.55,PIP-DB
1010,train_75,P09030,5.13,PIP-DB
1011,train_75,A1W1R1,5.0,PIP-DB
1012,train_75,P19531,5.1,PIP-DB
1013,train_75,B6SKN9,5.63,PIP-DB
1014,train_75,P39116,6.01,SWISS-2DPAGE
1015,train_75,P06960,4.4,PIP-DB
1016,train_75,P00492,5.37,SWISS-2DPAGE
1017,train_75,Q8BP47,6.9,PIP-DB
1018,train_75,P10081,5.19,SWISS-2DPAGE
1019,train_75,P80679,5.75,PIP-DB
1020,train_75,Q1W756,5.1,PIP-DB
1021,train_75,Q9XDT1,7.875,SWISS-2DPAGE
1022,train_75,Q96TR7,4.85,PIP-DB
1023,train_75,D3YIG6,5.452,SWISS-2DPAGE
1024,train_75,P11277,4.9,PIP-DB
1025,train_75,P60900,4.7725,SWISS-2DPAGE
1026,train_75,P59617,5.17,SWISS-2DPAGE
1027,train_75,P14866,5.34,PIP-DB
1028,train_75,P50136,5.0,PIP-DB
1029,train_75,B4F335,5.01,SWISS-2DPAGE
1030,train_75,P0A8V2,4.7,PIP-DB
1031,train_75,Q7XZQ8,4.6,PIP-DB
1032,train_75,P29505,5.44,SWISS-2DPAGE
1033,train_75,P0AG82,5.8,PIP-DB
1034,train_75,P99148,6.3,PIP-DB
1035,train_75,P99123,5.90333,SWISS-2DPAGE
1036,train_75,P80053,7.1,PIP-DB
1037,train_75,P05545,5.81,PIP-DB
1038,train_75,P80064,4.8,PIP-DB
1039,train_75,Q01768,5.4,SWISS-2DPAGE
1040,train_75,P53590,4.9,PIP-DB
1041,train_75,P63028,5.9,PIP-DB
1042,train_75,P99142,5.8,PIP-DB
1043,train_75,P60798,8.14,SWISS-2DPAGE
1044,train_75,Q38A34,4.7,PIP-DB
1045,train_75,P99070,6.5,SWISS-2DPAGE
1046,train_75,Q53HY1,6.0,PIP-DB
1047,train_75,P0A6A3,4.85,SWISS-2DPAGE
1048,train_75,Q70Y21,6.9,PIP-DB
1049,train_75,P23457,6.85,SWISS-2DPAGE
1050,train_75,P00367,4.925,PIP-DB
1051,train_75,Q9TQQ7,5.44,SWISS-2DPAGE
1052,train_75,P0AEW6,4.45,PIP-DB
1053,train_75,P01008,4.8,PIP-DB
1054,train_75,B2ZFM0,5.494,SWISS-2DPAGE
1055,train_75,Q8DR60,5.42667,SWISS-2DPAGE
1056,train_75,P16116,6.0,SWISS-2DPAGE
1057,train_75,Q00019,5.64,PIP-DB
1058,train_75,P99065,4.7,PIP-DB
1059,train_75,P47985,4.65,PIP-DB
1060,train_75,F5A936,6.0,PIP-DB
1061,train_75,P28066,6.0,PIP-DB
1062,train_75,P0C054,4.75,SWISS-2DPAGE
1063,train_75,Q1ERG0,7.355,SWISS-2DPAGE
1064,train_75,P27797,5.65,SWISS-2DPAGE
1065,train_75,Q9Y2S0,5.65,PIP-DB
1066,train_75,P0AB55,8.9,PIP-DB
1067,train_75,P19652,5.69,SWISS-2DPAGE
1068,train_75,P0A2X7,5.2,PIP-DB
1069,train_75,Q2LMP0,6.0,PIP-DB
1070,train_75,P06748,8.05,PIP-DB
1071,train_75,P99100,5.1,PIP-DB
1072,train_75,O57579,4.7,PIP-DB
1073,train_75,Q68CP4,6.9375,SWISS-2DPAGE
1074,train_75,P29412,7.8,PIP-DB
1075,train_75,A5U3Q3,4.5,PIP-DB
1076,train_75,Q9ZQV0,4.9,PIP-DB
1077,train_75,P99157,4.85,SWISS-2DPAGE
1078,train_75,Q1ERF8,10.0,PIP-DB
1079,train_75,O74706,5.12,SWISS-2DPAGE
1080,train_75,P31133,8.03667,SWISS-2DPAGE
1081,train_75,P35914,4.8,PIP-DB
1082,train_75,Q42029,5.0,PIP-DB
1083,train_75,P23538,5.09,SWISS-2DPAGE
1084,train_75,Q6AXM8,4.83,SWISS-2DPAGE
1085,train_75,P02945,4.45,PIP-DB
1086,train_75,P99102,4.45,PIP-DB
1087,train_75,Q6H8W7,4.8,PIP-DB
1088,train_75,P00946,4.5,SWISS-2DPAGE
1089,train_75,P0C2D1,5.91,SWISS-2DPAGE
1090,train_75,75057813,5.0,PIP-DB
1091,train_75,P17988,4.95,SWISS-2DPAGE
1092,train_75,P09147,4.18,SWISS-2DPAGE
1093,train_75,Q67A25,7.2,PIP-DB
1094,train_75,Q38799,5.7,PIP-DB
1095,train_75,P00450,4.9,PIP-DB
1096,train_75,P52700,5.81,SWISS-2DPAGE
1097,train_75,P0A6L0,5.74,PIP-DB
1098,train_75,P02527,4.92,SWISS-2DPAGE
1099,train_75,Q00001,5.7,PIP-DB
1100,train_75,Q09124,4.48,SWISS-2DPAGE
1101,train_75,P30613,5.8,PIP-DB
1102,train_75,DAA18017.1,6.84,SWISS-2DPAGE
1103,train_75,P16642,4.6,PIP-DB
1104,train_75,P01243,4.21,SWISS-2DPAGE
1105,train_75,P83772,6.88,SWISS-2DPAGE
1106,train_75,P92549,6.78,PIP-DB
1107,train_75,P52566,5.07,PIP-DB
1108,train_75,P09372,6.39,SWISS-2DPAGE
1109,train_75,C3VEG4,4.6,SWISS-2DPAGE
1110,train_75,Q94FS5,6.0,PIP-DB
1111,train_75,P02769,4.7,PIP-DB
1112,train_75,P41689,5.6,PIP-DB
1113,train_75,A7YN26,4.682,SWISS-2DPAGE
1114,train_75,P32099,5.6,PIP-DB
1115,train_75,P34730,5.8,PIP-DB
1116,train_75,P0A921,5.04,SWISS-2DPAGE
1117,train_75,P99086,5.3075,SWISS-2DPAGE
1118,train_75,P22669,5.02167,SWISS-2DPAGE
1119,train_75,O00748,5.62,SWISS-2DPAGE
1120,train_75,O65305,5.285,SWISS-2DPAGE
1121,train_75,P0ABF6,5.5,PIP-DB
1122,train_75,Q45QT1,5.0,PIP-DB
1123,train_75,P09871,6.9,PIP-DB
1124,train_75,E7R324,5.38,SWISS-2DPAGE
1125,train_75,P00441,5.0,SWISS-2DPAGE
1126,train_75,P09623,3.55,PIP-DB
1127,train_75,A7EP97,6.97,SWISS-2DPAGE
1128,train_75,Q9L5D6,6.58,SWISS-2DPAGE
1129,train_75,P22953,4.8,PIP-DB
1130,train_75,P40227,7.0,PIP-DB
1131,train_75,Q27971,4.685,SWISS-2DPAGE
1132,train_75,O23791,5.5025,SWISS-2DPAGE
1133,train_75,Q12170,4.74,SWISS-2DPAGE
1134,train_75,P04036,4.76,SWISS-2DPAGE
1135,train_75,P20801,5.83,SWISS-2DPAGE
1136,train_75,F8SUS3,7.5,PIP-DB
1137,train_75,Q6RG02,5.0,PIP-DB
1138,train_75,P70752,8.8,PIP-DB
1139,train_75,P06737,5.3,PIP-DB
1140,train_75,P27140,4.9,PIP-DB
1141,train_75,P07374,4.95,PIP-DB
1142,train_75,P41338,10.28,SWISS-2DPAGE
1143,train_75,Q99V34,8.52,SWISS-2DPAGE
1144,train_75,P15121,5.3,PIP-DB
1145,train_75,P99153,3.7,PIP-DB
1146,train_75,P09029,4.9,PIP-DB
1147,train_75,P81650,5.39,PIP-DB
1148,train_75,Q8CJ81,4.55,SWISS-2DPAGE
1149,train_75,P13009,4.81,SWISS-2DPAGE
1150,train_75,P21179,5.17,SWISS-2DPAGE
1151,train_75,P02651,5.22,SWISS-2DPAGE
1152,train_75,Q39043,4.8,PIP-DB
1153,train_75,P29114,7.4,PIP-DB
1154,train_75,P01237,5.05,PIP-DB
1155,train_75,P52480,6.6,PIP-DB
1156,train_75,P04276,4.9,PIP-DB
1157,train_75,D0L086,5.06,SWISS-2DPAGE
1158,train_75,Q8KP26,6.3,PIP-DB
1159,train_75,P62593,8.0,PIP-DB
1160,train_75,P0A8N3,5.2,PIP-DB
1161,train_75,P0A6Z3,5.95,SWISS-2DPAGE
1162,train_75,P30042,6.99937,SWISS-2DPAGE
1163,train_75,P14280,5.7,SWISS-2DPAGE
1164,train_75,P99143,6.015,SWISS-2DPAGE
1165,train_75,Q9X404,10.61,SWISS-2DPAGE
1166,train_75,Q9P979,4.6,PIP-DB
1167,train_75,P50251,6.5,PIP-DB
1168,train_75,P38502,6.0,PIP-DB
1169,train_75,P52029,8.0,PIP-DB
1170,train_75,P14733,4.56,PIP-DB
1171,train_75,P04960,4.55,PIP-DB
1172,train_75,F2XBU9,4.7,PIP-DB
1173,train_75,P33299,4.59,PIP-DB
1174,train_75,P00079,4.2,PIP-DB
1175,train_75,P23312,5.08,PIP-DB
1176,train_75,P43567,4.9,PIP-DB
1177,train_75,P69797,6.8,PIP-DB
1178,train_75,P45523,8.1,PIP-DB
1179,train_75,O80948,9.8,PIP-DB
1180,train_75,P02878,5.6,PIP-DB
1181,train_75,O00142,8.34,SWISS-2DPAGE
1182,train_75,P0AEK4,5.27333,SWISS-2DPAGE
1183,train_75,O75347,9.0,PIP-DB
1184,train_75,P00189,5.89,SWISS-2DPAGE
1185,train_75,P99121,4.52625,SWISS-2DPAGE
1186,train_75,P80507,4.7,PIP-DB
1187,train_75,P0A910,4.95,PIP-DB
1188,train_75,P80196,5.425,SWISS-2DPAGE
1189,train_75,P00784,5.5,PIP-DB
1190,train_75,P00405,4.5,PIP-DB
1191,train_75,P09811,6.9,PIP-DB
1192,train_75,Q6EM38,4.78,SWISS-2DPAGE
1193,train_75,P0ADG7,5.6,PIP-DB
1194,train_75,Q96FQ6,6.95,PIP-DB
1195,train_75,P99152,4.46,PIP-DB
1196,train_75,P0ABB4,4.99,SWISS-2DPAGE
1197,train_75,P02470,6.0,PIP-DB
1198,train_75,P41738,9.23,SWISS-2DPAGE
1199,train_75,P99139,4.8,PIP-DB
1200,train_75,P0AFF6,8.3,PIP-DB
1201,train_75,P01476,4.92,SWISS-2DPAGE
1202,train_75,P17213,7.6,PIP-DB
1203,train_75,P01549,4.75,PIP-DB
1204,train_75,Q820A6,4.0,PIP-DB
1205,train_75,P02762,4.7,PIP-DB
1206,train_75,Q7A417,5.58455,SWISS-2DPAGE
1207,train_75,P13449,8.6013,SWISS-2DPAGE
1208,train_75,Q9UAC9,7.01,SWISS-2DPAGE
1209,train_75,P00794,4.99,SWISS-2DPAGE
1210,train_75,Q9BQ67,4.5,PIP-DB
1211,train_75,P80026,5.7,SWISS-2DPAGE
1212,train_75,P07195,4.5,PIP-DB
1213,train_75,P0ABK5,8.1,PIP-DB
1214,train_75,Q6GVZ4,6.74,PIP-DB
1215,train_75,Q94G06,7.13,SWISS-2DPAGE
1216,train_75,Q48907,6.8,PIP-DB
1217,train_75,P00861,6.07,SWISS-2DPAGE
1218,train_75,P0AFG8,6.1,PIP-DB
1219,train_75,P31001,4.9,PIP-DB
1220,train_75,P22939,7.6,PIP-DB
1221,train_75,P69014,4.4,PIP-DB
1222,train_75,P0CG63,6.8,PIP-DB
1223,train_75,Q75T30,6.13316,SWISS-2DPAGE
1224,train_75,Q869N1,6.0,PIP-DB
1225,train_75,Q9N1U7,5.4,SWISS-2DPAGE
1226,train_75,P99068,4.7,PIP-DB
1227,train_75,P28494,5.91,SWISS-2DPAGE
1228,train_75,P09812,6.32,PIP-DB
1229,train_75,P16924,5.7,PIP-DB
1230,train_75,P07313,6.1,PIP-DB
1231,train_75,P08246,6.085,SWISS-2DPAGE
1232,train_75,P07450,5.5,PIP-DB
1233,train_75,P00917,5.5,PIP-DB
1234,train_75,Q29387,4.545,SWISS-2DPAGE
1235,train_75,O04939,5.87,SWISS-2DPAGE
1236,train_75,Q9FV27,5.27,SWISS-2DPAGE
1237,train_75,Q2EQQ2,4.97,SWISS-2DPAGE
1238,train_75,P99112,5.9,PIP-DB
1239,train_75,P16659,3.48,PIP-DB
1240,train_75,P06759,5.72,PIP-DB
1241,train_75,O04897,8.7,PIP-DB
1242,train_75,P15964,5.1,PIP-DB
1243,train_75,P60088,4.95,SWISS-2DPAGE
1244,train_75,P68066,5.36,SWISS-2DPAGE
1245,train_75,Q68FP2,5.55,SWISS-2DPAGE
1246,train_75,Q48436,5.60333,SWISS-2DPAGE
1247,train_75,Q9W7M6,5.5,PIP-DB
1248,train_75,P28506,4.8,PIP-DB
1249,train_75,P10301,5.7,PIP-DB
1250,train_75,P0C0V0,4.62,PIP-DB
1251,train_75,D4Q9Z3,7.8,PIP-DB
1252,train_75,P14789,4.65,PIP-DB
1253,train_75,P99076,9.1,PIP-DB
1254,train_75,Q9UVP6,4.1,PIP-DB
1255,train_75,O77512,5.1,PIP-DB
1256,train_75,Q9H227,7.8,PIP-DB
1257,train_75,P54802,5.225,SWISS-2DPAGE
1258,train_75,P06760,4.5,SWISS-2DPAGE
1259,train_75,P0A877,4.8275,SWISS-2DPAGE
1260,train_75,Q5FKG6,4.817,SWISS-2DPAGE
1261,train_75,P07514,5.43667,SWISS-2DPAGE
1262,train_75,P99130,4.8,PIP-DB
1263,train_75,P0A3M3,5.79,SWISS-2DPAGE
1264,train_75,P00963,5.868,SWISS-2DPAGE
1265,train_75,P18843,4.65,PIP-DB
1266,train_75,P25933,4.92,SWISS-2DPAGE
1267,train_75,Q9BQ04,6.8,PIP-DB
1268,train_75,P81477,5.95,PIP-DB
1269,train_75,Q9S841,4.7,PIP-DB
1270,train_75,P87039,10.0,PIP-DB
1271,train_75,P87219,4.4,PIP-DB
1272,train_75,P0A7K2,5.5,PIP-DB
1273,train_75,P19367,9.4,PIP-DB
1274,train_75,P16474,6.98,SWISS-2DPAGE
1275,train_75,Q9LBT7,4.84,SWISS-2DPAGE
1276,train_75,P08113,5.6,PIP-DB
1277,train_75,P28271,5.34167,SWISS-2DPAGE
1278,train_75,P11410,6.16,SWISS-2DPAGE
1279,train_75,P00480,7.5,PIP-DB
1280,train_75,P07004,4.845,SWISS-2DPAGE
1281,train_75,P18760,4.6,PIP-DB
1282,train_75,P68871,4.3,PIP-DB
1283,train_75,P45952,4.83,SWISS-2DPAGE
1284,train_75,P07483,5.07667,SWISS-2DPAGE
1285,train_75,Q84GJ4,4.5,PIP-DB
1286,train_75,Q811C4,5.22,SWISS-2DPAGE
1287,train_75,P28635,4.6,PIP-DB
1288,train_75,P77791,5.6,SWISS-2DPAGE
1289,train_75,XP_002721107.1,5.13,SWISS-2DPAGE
1290,train_75,P22734,4.2,PIP-DB
1291,train_75,P60855,5.1,PIP-DB
1292,train_75,Q6T939,8.29,PIP-DB
1293,train_75,P0AB91,4.3,PIP-DB
1294,train_75,P50389,5.31,SWISS-2DPAGE
1295,train_75,P16045,6.7,PIP-DB
1296,train_75,P08507,5.276,SWISS-2DPAGE
1297,train_75,P99171,5.84,SWISS-2DPAGE
1298,train_75,Q96X02,4.89,SWISS-2DPAGE
1299,train_75,P00360,5.4,PIP-DB
1300,train_75,P08166,6.95,PIP-DB
1301,train_75,P85291,4.86,SWISS-2DPAGE
1302,train_75,P50455,4.95,SWISS-2DPAGE
1303,train_75,P0ADE8,6.7,PIP-DB
1304,train_75,Q99798,6.4,PIP-DB
1305,train_75,P00924,5.9,PIP-DB
1306,train_75,P00894,5.0,PIP-DB
1307,train_75,B2GV06,6.0,PIP-DB
1308,train_75,O70251,3.9,PIP-DB
1309,train_75,P61889,5.15,SWISS-2DPAGE
1310,train_75,P0C933,4.6,PIP-DB
1311,train_75,P23882,6.65,SWISS-2DPAGE
1312,train_75,P68371,5.81,SWISS-2DPAGE
1313,train_75,Q05920,5.76,SWISS-2DPAGE
1314,train_75,P69441,5.06,SWISS-2DPAGE
1315,train_75,P00455,6.8,PIP-DB
1316,train_75,Q8MIR4,6.1,PIP-DB
1317,train_75,O44123,8.7,PIP-DB
1318,train_75,Q9R5I9,8.55,SWISS-2DPAGE
1319,train_75,P42737,5.38,SWISS-2DPAGE
1320,train_75,P27709,7.0,PIP-DB
1321,train_75,P50431,6.74,SWISS-2DPAGE
1322,train_75,P15085,5.06,SWISS-2DPAGE
1323,train_75,Q2RQY1,5.61,SWISS-2DPAGE
1324,train_75,P99158,5.82,SWISS-2DPAGE
1325,train_75,P04792,4.8,PIP-DB
1326,train_75,P25087,9.225,SWISS-2DPAGE
1327,train_75,P18417,5.13833,SWISS-2DPAGE
1328,train_75,Q7M0Y8,5.15,PIP-DB
1329,train_75,Q7Y2C0,5.12071,SWISS-2DPAGE
1330,train_75,P76270,6.47,SWISS-2DPAGE
1331,train_75,P47791,5.29,SWISS-2DPAGE
1332,train_75,O69174,5.85,PIP-DB
1333,train_75,P76002,5.4,PIP-DB
1334,train_75,Q9LRC8,5.0,PIP-DB
1335,train_75,Q9ZP06,5.2,SWISS-2DPAGE
1336,train_75,P0A6R0,5.62,SWISS-2DPAGE
1337,train_75,P00688,5.065,SWISS-2DPAGE
1338,train_75,P05194,6.9,PIP-DB
1339,train_75,Q05921,5.33,SWISS-2DPAGE
1340,train_75,P08662,4.99833,SWISS-2DPAGE
1341,train_75,P05317,7.0,PIP-DB
1342,train_75,Q49SP3,8.5,PIP-DB
1343,train_75,P06744,6.5,PIP-DB
1344,train_75,A6YRT4,10.3,PIP-DB
1345,train_75,P05090,5.765,SWISS-2DPAGE
1346,train_75,Q02401,5.12,SWISS-2DPAGE
1347,train_75,P04040,4.7,PIP-DB
1348,train_75,Q8WPJ2,6.04,SWISS-2DPAGE
1349,train_75,O87170,8.5,PIP-DB
1350,train_75,Q8WQX2,4.91,SWISS-2DPAGE
1351,train_75,P30047,8.8,PIP-DB
1352,train_75,P30049,8.1,PIP-DB
1353,train_75,Q8QZR3,8.5,PIP-DB
1354,train_75,Q769D3,5.1,PIP-DB
1355,train_75,P04075,5.185,SWISS-2DPAGE
1356,train_75,P35809,7.8,PIP-DB
1357,train_75,P99164,6.6,PIP-DB
1358,train_75,P15311,4.71,SWISS-2DPAGE
1359,train_75,P29736,5.37286,SWISS-2DPAGE
1360,train_75,Q7M469,4.98,SWISS-2DPAGE
1361,train_75,P21550,5.65,SWISS-2DPAGE
1362,train_75,P0A7V0,8.01,SWISS-2DPAGE
1363,train_75,P16243,5.9,PIP-DB
1364,train_75,P07283,4.695,SWISS-2DPAGE
1365,train_75,P08289,5.19,SWISS-2DPAGE
1366,train_75,B8YQ97,8.6,PIP-DB
1367,train_75,P01007,4.862,SWISS-2DPAGE
1368,train_75,P80193,7.0,PIP-DB
1369,train_75,Q1ACW3,7.1,PIP-DB
1370,train_75,Q71EW5,8.9,PIP-DB
1371,train_75,Q9H2U9,5.6,PIP-DB
1372,train_75,O70250,5.76,SWISS-2DPAGE
1373,train_75,O82122,5.7,PIP-DB
1374,train_75,P99082,4.9,PIP-DB
1375,train_75,P40142,4.725,SWISS-2DPAGE
1376,train_75,Q04178,4.99,PIP-DB
1377,train_75,P14174,5.03,SWISS-2DPAGE
1378,train_75,P09373,5.35,PIP-DB
1379,train_75,P04988,5.235,SWISS-2DPAGE
1380,train_75,P99090,6.275,SWISS-2DPAGE
1381,train_75,E2XQB5,5.81333,SWISS-2DPAGE
1382,train_75,P85973,5.33,SWISS-2DPAGE
1383,train_75,P00448,5.05,SWISS-2DPAGE
1384,train_75,B1A8Z3,3.4,PIP-DB
1385,train_75,P23564,4.975,SWISS-2DPAGE
1386,train_75,P83645,4.88,PIP-DB
1387,train_75,B3FYT9,4.6,PIP-DB
1388,train_75,P00582,4.9,PIP-DB
1389,train_75,Q5XI22,4.9,PIP-DB
1390,train_75,P99118,7.9,PIP-DB
1391,train_75,Q94FS6,5.15,SWISS-2DPAGE
1392,train_75,P0AE18,4.4,PIP-DB
1393,train_75,P04806,5.86,SWISS-2DPAGE
1394,train_75,Q9GKK3,5.28,SWISS-2DPAGE
1395,train_75,Q7A522,5.5,PIP-DB
1396,train_75,P02699,5.64,SWISS-2DPAGE
1397,train_75,P25553,4.87,SWISS-2DPAGE
1398,train_75,Q84G06,4.80667,SWISS-2DPAGE
1399,train_75,Q86D28,4.95,PIP-DB
1400,train_75,B3FIE3,5.41,SWISS-2DPAGE
1401,train_75,Q6EM45,10.6,PIP-DB
1402,train_75,P54869,5.5,PIP-DB
1403,train_75,P02489,4.5,PIP-DB
1404,train_75,Q00024,4.55,SWISS-2DPAGE
1405,train_75,P01317,6.7925,SWISS-2DPAGE
1406,train_75,P99172,7.75,PIP-DB
1407,train_75,P0A796,10.3,PIP-DB
1408,train_75,P19105,5.2,SWISS-2DPAGE
1409,train_75,Q8YG38,5.83,SWISS-2DPAGE
1410,train_75,P12019,5.18,SWISS-2DPAGE
1411,train_75,Q12712,5.8,PIP-DB
1412,train_75,P0A825,4.8,PIP-DB
1413,train_75,P0A7F3,4.2,PIP-DB
1414,train_75,Q99W05,8.3,SWISS-2DPAGE
1415,train_75,P99122,5.5,PIP-DB
1416,train_75,P28707,7.3,PIP-DB
1417,train_75,P52907,6.31333,SWISS-2DPAGE
1418,train_75,P0ACL0,5.53,PIP-DB
1419,train_75,Q99MS0,4.9,PIP-DB
1420,train_75,P99137,5.6,PIP-DB
1421,train_75,O08709,6.1,SWISS-2DPAGE
1422,train_75,Q8NK65,5.82,SWISS-2DPAGE
1423,train_75,P16700,5.75,SWISS-2DPAGE
1424,train_75,P24735,4.7,PIP-DB
1425,train_75,P97328,6.2,PIP-DB
1426,train_75,P0ABT2,4.9,PIP-DB
1427,train_75,P84535,4.9,PIP-DB
1428,train_75,P06576,5.196,SWISS-2DPAGE
1429,train_75,P58771,6.0,PIP-DB
1430,train_75,P0AEX9,9.2,PIP-DB
1431,train_75,P05976,5.2,PIP-DB
1432,train_75,Q9Z0V6,5.1,PIP-DB
1433,train_75,P24216,8.3,PIP-DB
1434,train_75,Q9AUD9,7.06,SWISS-2DPAGE
1435,train_75,P05123,5.0,PIP-DB
1436,train_75,P04196,4.55,PIP-DB
1437,train_75,Q9Y7B2,8.8,PIP-DB
1438,train_75,P13693,5.415,SWISS-2DPAGE
1439,train_75,Q5MB87,1.1,PIP-DB
1440,train_75,P00099,5.67,SWISS-2DPAGE
1441,train_75,P11348,9.5,PIP-DB
1442,train_75,Q96VF5,5.2,PIP-DB
1443,train_75,P00691,4.74,PIP-DB
1444,train_75,Q9AQI1,5.47,PIP-DB
1445,train_75,P34128,7.2,PIP-DB
1446,train_75,Q9RHW0,4.0,PIP-DB
1447,train_75,P82809,9.0,PIP-DB
1448,train_75,P06999,4.7,PIP-DB
1449,train_75,Q5UPJ7,5.31,SWISS-2DPAGE
1450,train_75,P32471,4.8,PIP-DB
1451,train_75,P0A6Y8,5.4,PIP-DB
1452,train_75,P16098,5.41,SWISS-2DPAGE
1453,train_75,Q9NPD3,7.4,PIP-DB
1454,train_75,Q58DL9,4.7,PIP-DB
1455,train_75,Q2HZZ3,5.9,PIP-DB
1456,train_75,P48643,6.85,SWISS-2DPAGE
1457,train_75,P28755,3.1,PIP-DB
1458,train_75,P0AB80,4.1,PIP-DB
1459,train_75,P14780,4.94,SWISS-2DPAGE
1460,train_75,E5KCT1,4.9,PIP-DB
1461,train_75,P08249,4.85,PIP-DB
1462,train_75,P99110,5.85,PIP-DB
1463,train_75,P59070,5.07,PIP-DB
1464,train_75,P00957,5.518,SWISS-2DPAGE
1465,train_75,Q9AGA6,5.18333,SWISS-2DPAGE
1466,train_75,P37016,5.39,SWISS-2DPAGE
1467,train_75,P43311,7.55,PIP-DB
1468,train_75,Q6QWR1,5.044,SWISS-2DPAGE
1469,train_75,P32288,6.8,PIP-DB
1470,train_75,P0A6F1,7.6,PIP-DB
1471,train_75,P00104,6.6,PIP-DB
1472,train_75,P14602,7.0,PIP-DB
1473,train_75,P62707,4.875,PIP-DB
1474,train_75,P00493,7.13667,SWISS-2DPAGE
1475,train_75,P06715,5.3,PIP-DB
1476,train_75,O15511,4.98,SWISS-2DPAGE
1477,train_75,Q5MGE1,5.34,SWISS-2DPAGE
1478,train_75,P14902,5.32,SWISS-2DPAGE
1479,train_75,Q63270,4.9,PIP-DB
1480,train_75,P0A879,5.27,SWISS-2DPAGE
1481,train_75,Q63716,4.98,PIP-DB
1482,train_75,Q99V77,5.39,SWISS-2DPAGE
1483,train_75,Q963I9,6.59,PIP-DB
1484,train_75,P0A7N1,6.8,PIP-DB
1485,train_75,NP_036654.2,3.84,PIP-DB
1486,train_75,Q8RVZ8,4.0,PIP-DB
1487,train_75,Q6QTF4,4.982,SWISS-2DPAGE
1488,train_75,P07377,5.25,SWISS-2DPAGE
1489,train_75,P10126,3.4,PIP-DB
1490,train_75,P0ABN1,4.0,PIP-DB
1491,train_75,P93324,5.37857,SWISS-2DPAGE
1492,train_75,Q6TW99,5.2,PIP-DB
1493,train_75,Q9LKR3,6.11462,SWISS-2DPAGE
1494,train_75,P02931,4.85,SWISS-2DPAGE
1495,train_75,P23869,8.5,PIP-DB
1496,train_75,P30043,6.2,PIP-DB
1497,train_75,P28070,5.9,PIP-DB
1498,train_75,Q60140,6.6,SWISS-2DPAGE
1499,train_75,P99156,4.83,SWISS-2DPAGE
1500,train_75,P0A7G6,6.0,SWISS-2DPAGE
1501,train_75,P09886,6.5,PIP-DB
1502,train_75,Q9LBR1,5.4,PIP-DB
1503,train_75,P00749,5.2,PIP-DB
1504,train_75,P83179,5.3,PIP-DB
1505,train_75,P60660,5.1,PIP-DB
1506,train_75,P29251,6.0,PIP-DB
1507,train_75,Q93Y47,8.1,PIP-DB
1508,train_75,P43155,4.34667,SWISS-2DPAGE
1509,train_75,P17182,6.9,PIP-DB
1510,train_75,P79293,5.6,PIP-DB
1511,train_75,Q8SPR1,4.97,SWISS-2DPAGE
1512,train_75,P0C1A2,5.13,PIP-DB
1513,train_75,C0K3N3,4.9,SWISS-2DPAGE
1514,train_75,Q9UMS4,6.1,PIP-DB
1515,train_75,Q7A774,5.4,PIP-DB
1516,train_75,P11762,4.43333,SWISS-2DPAGE
1517,train_75,P0AEG4,6.7,PIP-DB
1518,train_75,P18335,6.57,PIP-DB
1519,train_75,P0A6P1,5.8,PIP-DB
1520,train_75,P19941,5.3,PIP-DB
1521,train_75,P46422,7.67667,SWISS-2DPAGE
1522,train_75,P86696,5.4,PIP-DB
1523,train_75,P00442,5.8125,SWISS-2DPAGE
1524,train_75,P99024,6.9,PIP-DB
1525,train_75,P00750,5.18192,SWISS-2DPAGE
1526,train_75,Q64GB3,5.29615,SWISS-2DPAGE
1527,train_75,P18209,4.9,PIP-DB
1528,train_75,Q9BMJ1,4.76824,SWISS-2DPAGE
1529,train_75,Q5LLB1,7.7,PIP-DB
1530,train_75,P02539,6.7,SWISS-2DPAGE
1531,train_75,P68802,4.6,PIP-DB
1532,train_75,P01005,4.5,PIP-DB
1533,train_75,Q43100,8.35,SWISS-2DPAGE
1534,train_75,Q9Z0F7,8.25,PIP-DB
1535,train_75,P0A715,5.9,PIP-DB
1536,train_75,P76344,5.65,PIP-DB
1537,train_75,B3A042,4.72,SWISS-2DPAGE
1538,train_75,P09960,5.38,PIP-DB
1539,train_75,P83716,4.6,PIP-DB
1540,train_75,Q56077,5.04077,SWISS-2DPAGE
1541,train_75,Q27646,6.8,SWISS-2DPAGE
1542,train_75,Q99TF3,4.88455,SWISS-2DPAGE
1543,train_75,P05694,6.2,PIP-DB
1544,train_75,P19217,7.1,PIP-DB
1545,train_75,P83918,6.52,SWISS-2DPAGE
1546,train_75,Q6WAT5,4.91,SWISS-2DPAGE
1547,train_75,P08236,5.6,PIP-DB
1548,train_75,P08312,5.75667,SWISS-2DPAGE
1549,train_75,P0A6A6,5.1,SWISS-2DPAGE
1550,train_75,P80579,6.75,PIP-DB
1551,train_75,P07224,5.13667,SWISS-2DPAGE
1552,train_75,P15848,5.29,SWISS-2DPAGE
1553,train_75,P02237,6.0,SWISS-2DPAGE
1554,train_75,P07395,6.58,SWISS-2DPAGE
1555,train_75,P00766,6.4,PIP-DB
1556,train_75,A0JJX7,4.66333,SWISS-2DPAGE
1557,train_75,O70631,4.7575,SWISS-2DPAGE
1558,train_75,XP_003357777.1,5.7,PIP-DB
1559,train_75,P08836,4.96,SWISS-2DPAGE
1560,train_75,P0A9A6,5.75,PIP-DB
1561,train_75,P83630,6.04,SWISS-2DPAGE
1562,train_75,P29391,7.2,PIP-DB
1563,train_75,P07953,5.02765,SWISS-2DPAGE
1564,train_75,P32835,4.6,PIP-DB
1565,train_75,Q7M3D2,6.0,PIP-DB
1566,train_75,Q9BEC7,4.6275,SWISS-2DPAGE
1567,train_75,Q9R063,4.9,PIP-DB
1568,train_75,Q9C3Z8,4.98347,SWISS-2DPAGE
1569,train_75,P52826,5.0,PIP-DB
1570,train_75,Q9DUT5,4.6,PIP-DB
1571,train_75,P0A962,5.97,SWISS-2DPAGE
1572,train_75,P04951,4.6,PIP-DB
1573,train_75,P00547,4.5,SWISS-2DPAGE
1574,train_75,P60757,4.9,PIP-DB
1575,train_75,P02192,5.18,PIP-DB
1576,train_75,Q3YA80,8.0,PIP-DB
1577,train_75,P99168,7.5,PIP-DB
1578,train_75,P0A7E5,6.6,PIP-DB
1579,train_75,P63208,5.83,PIP-DB
1580,train_75,P0A6S7,8.73,PIP-DB
1581,train_75,P51639,8.2,PIP-DB
1582,train_75,Q51844,5.37,SWISS-2DPAGE
1583,train_75,P37744,4.8,PIP-DB
1584,train_75,P0C6E9,9.7,PIP-DB
1585,train_75,P02624,4.5,PIP-DB
1586,train_75,Q1W755,5.3,PIP-DB
1587,train_75,P99032,5.32333,SWISS-2DPAGE
1588,train_75,P22626,4.5,PIP-DB
1589,train_75,P12429,5.75,SWISS-2DPAGE
1590,train_75,P0A8P3,7.59,PIP-DB
1591,train_75,P00787,5.1,PIP-DB
1592,train_75,B2ZRS9,5.2,PIP-DB
1593,train_75,P80561,5.0,PIP-DB
1594,train_75,P00049,4.8,SWISS-2DPAGE
1595,train_75,P99107,5.01,SWISS-2DPAGE
1596,train_75,P90518,5.17,SWISS-2DPAGE
1597,train_75,P40306,5.333,SWISS-2DPAGE
1598,train_75,Q4KM86,5.45,PIP-DB
1599,train_75,Q16774,6.55,SWISS-2DPAGE
1600,train_75,P99132,5.17667,SWISS-2DPAGE
1601,train_75,P04117,4.925,SWISS-2DPAGE
1602,train_75,P04183,5.1,PIP-DB
1603,train_75,P49885,4.88,SWISS-2DPAGE
1604,train_75,P80750,4.54,SWISS-2DPAGE
1605,train_75,P02772,4.52,SWISS-2DPAGE
1606,train_75,P99166,5.63,SWISS-2DPAGE
1607,train_75,P07981,8.5,PIP-DB
1608,train_75,P30137,5.24,SWISS-2DPAGE
1609,train_75,P07858,5.55,SWISS-2DPAGE
1610,train_75,P0A6L2,6.4,PIP-DB
1611,train_75,P0A434,5.4,PIP-DB
1612,train_75,P99120,4.88,SWISS-2DPAGE
1613,train_75,P54997,5.07,SWISS-2DPAGE
1614,train_75,Q9F234,5.53,SWISS-2DPAGE
1615,train_75,P0C932,5.0,PIP-DB
1616,train_75,P37702,6.8,PIP-DB
1617,train_75,P39177,9.0,PIP-DB
1618,train_75,Q64285,9.8,PIP-DB
1619,train_75,Q51451,5.25,PIP-DB
1620,train_75,A8DPS4,6.3,SWISS-2DPAGE
1621,train_75,Q8RR74,5.7,PIP-DB
1622,train_75,P02771,6.0,PIP-DB
1623,train_75,P62388,7.5,PIP-DB
1624,train_75,Q9GRG7,4.3,PIP-DB
1625,train_75,P62937,4.9,SWISS-2DPAGE
1626,train_75,Q96WZ8,5.8,PIP-DB
1627,train_75,A0A9I9,5.2,PIP-DB
1628,train_75,P00678,4.4,PIP-DB
1629,train_75,P27881,4.6,PIP-DB
1630,train_75,Q1W674,4.84,SWISS-2DPAGE
1631,train_75,P0A955,5.24,SWISS-2DPAGE
1632,train_75,Q6R6M7,9.8,PIP-DB
1633,train_75,P17745,6.2,PIP-DB
1634,train_75,P13035,6.125,SWISS-2DPAGE
1635,train_75,P99067,9.3,PIP-DB
1636,train_75,Q76MR7,4.9,PIP-DB
1637,train_75,P02185,5.65,SWISS-2DPAGE
1638,train_75,Q99VA6,5.8,PIP-DB
1639,train_75,P06968,5.0,PIP-DB
1640,train_75,P19157,5.022,SWISS-2DPAGE
1641,train_75,P37208,5.1,PIP-DB
1642,train_75,P00646,11.0,PIP-DB
1643,train_75,P75691,8.8,PIP-DB
1644,train_75,P99091,6.2,PIP-DB
1645,train_75,Q99SN6,7.58,PIP-DB
1646,train_75,P82810,6.3,PIP-DB
1647,train_75,P04173,3.5,PIP-DB
1648,train_75,P0A7D7,6.92,SWISS-2DPAGE
1649,train_75,P0A7G2,6.33,SWISS-2DPAGE
1650,train_75,Q92035,8.7,PIP-DB
1651,train_75,Q9HUY3,7.5,PIP-DB
1652,train_75,P23847,5.1,PIP-DB
1653,train_75,P32589,6.148,SWISS-2DPAGE
1654,train_75,P02621,6.3475,SWISS-2DPAGE
1655,train_75,P00359,7.875,SWISS-2DPAGE
1656,train_75,Q93AV1,8.7,PIP-DB
1657,train_75,Q1W622,6.0,PIP-DB
1658,train_75,O08454,4.5,PIP-DB
1659,train_75,P07094,9.27,PIP-DB
1660,train_75,P83199,5.76,SWISS-2DPAGE
1661,train_75,P04047,6.925,PIP-DB
1662,train_75,P0ABQ4,4.28,PIP-DB
1663,train_75,P01011,4.5,PIP-DB
1664,train_75,P0A9M8,8.25,PIP-DB
1665,train_75,P52760,4.8,PIP-DB
1666,train_75,Q9S3U6,4.9,PIP-DB
1667,train_75,P17315,6.05,SWISS-2DPAGE
1668,train_75,Q64057,5.22,SWISS-2DPAGE
1669,train_75,P32905,5.3,PIP-DB
1670,train_75,O94218,8.67167,SWISS-2DPAGE
1671,train_75,Q865Y9,5.6,PIP-DB
1672,train_75,P97930,7.3,PIP-DB
1673,train_75,P99089,6.03,SWISS-2DPAGE
1674,train_75,Q62598,7.4,PIP-DB
1675,train_75,E9FBA0,3.3,PIP-DB
1676,train_75,P04746,5.08,SWISS-2DPAGE
1677,train_75,P13006,5.1,PIP-DB
1678,train_75,P14920,5.54,SWISS-2DPAGE
1679,train_75,P00594,4.9,PIP-DB
1680,train_75,F6KV62,5.8,PIP-DB
1681,train_75,Q8TG94,6.0,PIP-DB
1682,train_75,P25696,4.3,PIP-DB
1683,train_75,P0AFG6,5.135,SWISS-2DPAGE
1684,train_75,P80200,7.1,PIP-DB
1685,train_75,Q6X4T7,5.7,PIP-DB
1686,train_75,P09989,5.8,PIP-DB
1687,train_75,Q99T33,6.35,SWISS-2DPAGE
1688,train_75,G1FE64,6.45,PIP-DB
1689,train_75,P01009,7.62545,SWISS-2DPAGE
1690,train_75,P48491,7.06,SWISS-2DPAGE
1691,train_75,P0AGJ9,5.5,PIP-DB
1692,train_75,A5JQI1,5.7,PIP-DB
1693,train_75,P01241,5.21,SWISS-2DPAGE
1694,train_75,P38489,7.863,SWISS-2DPAGE
1695,train_75,A1XM14,5.42818,SWISS-2DPAGE
1696,train_75,P09671,4.4,PIP-DB
1697,train_75,Q45RT9,5.5,PIP-DB
1698,train_75,P0A9B2,12.1,PIP-DB
1699,train_75,P08695,3.7,PIP-DB
1700,train_75,P0ABS1,4.8,PIP-DB
1701,train_75,P41773,5.5,PIP-DB
1702,train_75,Q8TB92,5.94,PIP-DB
1703,train_75,P13707,4.21,SWISS-2DPAGE
1704,train_75,P07954,5.82,PIP-DB
1705,train_75,P01236,4.8,PIP-DB
1706,train_75,O65734,3.6,PIP-DB
1707,train_75,Q99JF5,8.02,SWISS-2DPAGE
1708,train_75,P02649,4.9,PIP-DB
1709,train_75,P11484,4.4,PIP-DB
1710,train_75,P0A9M2,4.54,PIP-DB
1711,train_75,P13266,4.4,PIP-DB
1712,train_75,P00797,6.6,PIP-DB
1713,train_75,A7LKA2,6.6,PIP-DB
1714,train_75,P99066,8.5,PIP-DB
1715,train_75,Q9AVK8,7.298,SWISS-2DPAGE
1716,train_75,P13029,5.89,SWISS-2DPAGE
1717,train_75,P28617,7.8,PIP-DB
1718,train_75,P04745,8.7,PIP-DB
1719,train_75,P23254,6.32,SWISS-2DPAGE
1720,train_75,Q41614,6.61,SWISS-2DPAGE
1721,train_75,Q58477,9.73,PIP-DB
1722,train_75,P42126,6.56333,SWISS-2DPAGE
1723,train_75,P0AD61,5.59,SWISS-2DPAGE
1724,train_75,P08760,4.99333,SWISS-2DPAGE
1725,train_75,B3TLA6,5.11,SWISS-2DPAGE
1726,train_75,A5VI89,4.4,PIP-DB
1727,train_75,Q7X9T1,4.5,PIP-DB
1728,train_75,P20061,5.0475,SWISS-2DPAGE
1729,train_75,Q9GLE5,9.5,PIP-DB
1730,train_75,P99025,6.79,SWISS-2DPAGE
1731,train_75,P99133,5.35,PIP-DB
1732,train_75,P31947,5.16,SWISS-2DPAGE
1733,train_75,P22846,5.09,SWISS-2DPAGE
1734,train_75,Q3L1D2,4.8,PIP-DB
1735,train_75,P0DJ27,6.9,PIP-DB
1736,train_75,Q7A2N9,6.77,SWISS-2DPAGE
1737,train_75,P32848,5.0,PIP-DB
1738,train_75,P99170,6.97,SWISS-2DPAGE
1739,train_75,P0A8L1,6.85,PIP-DB
1740,train_75,P26646,6.01,SWISS-2DPAGE
1741,train_75,P02240,4.9,PIP-DB
1742,train_75,P04949,4.43,PIP-DB
1743,train_75,P08228,4.72,PIP-DB
1744,train_75,O08756,5.5,SWISS-2DPAGE
1745,train_75,P99146,5.0,PIP-DB
1746,train_75,O94219,4.0,PIP-DB
1747,train_75,Q6T5K9,7.49,SWISS-2DPAGE
1748,train_75,P15532,4.9,PIP-DB
1749,train_75,P09923,4.1,PIP-DB
1750,train_75,Q06GJ0,3.7,PIP-DB
1751,train_75,Q8NK64,5.9,PIP-DB
1752,train_75,P29257,6.59,SWISS-2DPAGE
1753,train_75,P01019,6.7,PIP-DB
1754,train_75,P01244,4.2,PIP-DB
1755,train_75,E0XN39,4.9,PIP-DB
1756,train_75,P04278,4.52,SWISS-2DPAGE
1757,train_75,P17262,7.4,PIP-DB
1758,train_75,P05387,6.0,PIP-DB
1759,train_75,A4UU76,5.9575,SWISS-2DPAGE
1760,train_75,A1E295,5.43,SWISS-2DPAGE
1761,train_75,P99165,9.5,PIP-DB
1762,train_75,P07741,5.36,SWISS-2DPAGE
1763,train_75,P0ADV7,4.5,PIP-DB
1764,train_75,P41921,4.15,PIP-DB
1765,train_75,P99111,8.05,PIP-DB
1766,train_75,Q9SM43,10.5,PIP-DB
1767,train_75,P07068,6.1,PIP-DB
1768,train_75,P10592,4.7,PIP-DB
1769,train_75,P34144,4.55,PIP-DB
1770,train_75,Q8MP06,8.7,PIP-DB
1771,train_75,O57385,5.1,SWISS-2DPAGE
1772,train_75,P99167,4.99,SWISS-2DPAGE
1773,train_75,O50008,5.3125,SWISS-2DPAGE
1774,train_75,P15709,9.8,PIP-DB
1775,train_75,P31930,3.5,PIP-DB
1776,train_75,P99096,6.0,PIP-DB
1777,train_75,P37040,4.8,PIP-DB
1778,train_75,P04176,5.70375,SWISS-2DPAGE
1779,train_75,P11589,4.2,PIP-DB
1780,train_75,P31937,4.9,PIP-DB
1781,train_75,Q42896,3.9,PIP-DB
1782,train_75,P13412,7.6,PIP-DB
1783,train_75,Q939K7,5.36333,SWISS-2DPAGE
1784,train_75,Q16822,4.7,PIP-DB
1785,train_75,P0A9M5,5.31,SWISS-2DPAGE
1786,train_75,P25697,5.3,PIP-DB
1787,train_75,P09103,5.312,SWISS-2DPAGE
1788,train_75,P13663,5.678,SWISS-2DPAGE
1789,train_75,O94753,4.2,PIP-DB
1790,train_75,P0AEZ9,4.5,PIP-DB
1791,train_75,Q0PS43,9.3,PIP-DB
1792,train_75,Q68RJ8,9.6,PIP-DB
1793,train_75,P80316,4.9,PIP-DB
1794,train_75,Q9F1K5,5.54593,SWISS-2DPAGE
1795,train_75,P23865,5.9,PIP-DB
1796,train_75,P93668,5.2,PIP-DB
1797,train_75,P14540,5.3,PIP-DB
1798,train_75,Q9ZUU4,7.6,PIP-DB
1799,train_75,O22263,5.63,SWISS-2DPAGE
1800,train_75,Q8KQL2,6.0,PIP-DB
1801,train_75,P21816,4.5,SWISS-2DPAGE
1802,train_75,P08839,9.6,PIP-DB
1803,train_75,P48036,6.4,PIP-DB
1804,train_75,Q7A6T6,5.18,PIP-DB
1805,train_75,P48284,5.4,PIP-DB
1806,train_75,P15445,5.83667,SWISS-2DPAGE
1807,train_75,P05804,6.3,PIP-DB
1808,train_75,P0AEE1,3.0,PIP-DB
1809,train_75,Q64573,8.11,SWISS-2DPAGE
1810,train_75,P15428,6.0,PIP-DB
1811,train_75,Q704Y9,11.0,PIP-DB
1812,train_75,P02879,7.7,PIP-DB
1813,train_75,P52705,4.2,PIP-DB
1814,train_75,Q32LG3,9.7,PIP-DB
1815,train_75,P0AGE9,7.1,PIP-DB
1816,train_75,Q8GCU7,4.8,PIP-DB
1817,train_75,P0A9D2,5.0,PIP-DB
1818,train_75,Q7MHL9,5.0,PIP-DB
1819,train_75,Q01158,5.0,PIP-DB
1820,train_75,P35691,5.5,PIP-DB
1821,train_75,O06901,5.3,PIP-DB
1822,train_75,P99151,9.2,PIP-DB
1823,train_75,Q8SPS7,5.31,SWISS-2DPAGE
1824,train_75,P05783,4.84,SWISS-2DPAGE
1825,train_75,P10909,5.06,SWISS-2DPAGE
1826,train_75,Q61176,4.86,SWISS-2DPAGE
1827,train_75,P48052,5.65,PIP-DB
1828,train_75,P0A8G6,5.91,SWISS-2DPAGE
1829,train_75,Q75UV3,4.89429,SWISS-2DPAGE
1830,train_75,O00299,6.7,PIP-DB
1831,train_75,O04151,6.3,PIP-DB
1832,train_75,P81110,4.5,PIP-DB
1833,train_75,P99154,4.45,PIP-DB
1834,train_75,P0ABZ6,5.25,SWISS-2DPAGE
1835,train_75,Q00326,4.35333,SWISS-2DPAGE
1836,train_75,P00533,6.13,SWISS-2DPAGE
1837,train_75,P13221,6.3,PIP-DB
1838,train_75,P27814,5.222,SWISS-2DPAGE
1839,train_75,Q6YNP7,8.84,SWISS-2DPAGE
1840,train_75,P02534,5.42,SWISS-2DPAGE
1841,train_75,Q9AXR9,4.96,SWISS-2DPAGE
1842,train_75,Q1ERF7,4.25,PIP-DB
1843,train_75,P10649,5.1,PIP-DB
1844,train_75,P04104,6.08,SWISS-2DPAGE
1845,train_75,P0A7L0,5.48,SWISS-2DPAGE
1846,train_75,Q9Y8G5,5.7,PIP-DB
1847,train_75,Q61425,4.63,SWISS-2DPAGE
1848,train_75,P05186,4.7,PIP-DB
1849,train_75,P0AF93,6.0,PIP-DB
1850,train_75,O15160,9.6,PIP-DB
1851,train_75,Q923S8,5.1,PIP-DB
1852,train_75,O88844,6.52,PIP-DB
1853,train_75,P42761,6.57,SWISS-2DPAGE
1854,train_75,P99124,5.4,PIP-DB
1855,train_75,P10619,5.19,SWISS-2DPAGE
1856,train_75,P04816,10.2,PIP-DB
1857,train_75,Q801G0,4.89,SWISS-2DPAGE
1858,train_75,Q3YA81,5.8,PIP-DB
1859,train_75,P0ADA3,4.6,SWISS-2DPAGE
1860,train_75,P02671,5.795,SWISS-2DPAGE
1861,train_75,P31786,5.0,PIP-DB
1862,train_75,Q13790,5.55333,SWISS-2DPAGE
1863,train_75,Q01432,5.21,SWISS-2DPAGE
1864,train_75,Q0KHB6,6.7,PIP-DB
1865,train_75,D2Y1A6,5.2125,SWISS-2DPAGE
1866,train_75,Q7X2D3,4.8,PIP-DB
1867,train_75,O97492,4.7,PIP-DB
1868,train_75,P01023,4.95,SWISS-2DPAGE
1869,train_75,O69054,5.77333,SWISS-2DPAGE
1870,train_75,Q9Z1G0,6.34,PIP-DB
1871,train_75,P00560,4.0,PIP-DB
1872,train_75,P01887,5.325,SWISS-2DPAGE
1873,train_75,A1BQP7,5.61,SWISS-2DPAGE
1874,train_75,Q9ZUC1,5.22,SWISS-2DPAGE
1875,train_75,P00764,5.29,SWISS-2DPAGE
1876,train_75,Q08DN5,5.0,PIP-DB
1877,train_75,Q05599,7.47,SWISS-2DPAGE
1878,train_75,Q2VMT2,5.5,PIP-DB
1879,train_75,P37349,5.2,PIP-DB
1880,train_75,Q97UX2,5.14,SWISS-2DPAGE
1881,train_75,E0Z5H1,5.395,SWISS-2DPAGE
1882,train_75,P00974,5.49,SWISS-2DPAGE
1883,train_75,P30859,5.53,SWISS-2DPAGE
1884,train_75,O42446,7.1,PIP-DB
1885,train_75,P31211,5.49,SWISS-2DPAGE
1886,train_75,P13697,3.9,PIP-DB
1887,train_75,P63038,6.695,SWISS-2DPAGE
1888,train_75,P15639,3.75,PIP-DB
1889,train_75,A5A6R7,5.07,SWISS-2DPAGE
1890,train_75,P63334,5.59143,SWISS-2DPAGE
1891,train_75,Q94BW4,4.5,PIP-DB
1892,train_75,P04406,5.27429,SWISS-2DPAGE
1893,train_75,P22248,5.09375,SWISS-2DPAGE
1894,train_75,P02866,5.06,SWISS-2DPAGE
1895,train_75,Q8AXY1,4.8775,SWISS-2DPAGE
1896,train_75,P77243,6.535,SWISS-2DPAGE
1897,train_75,P05977,5.43,SWISS-2DPAGE
1898,train_75,P00566,6.64,PIP-DB
1899,train_75,Q9AQI0,7.41,PIP-DB
1900,train_75,P02681,4.97,SWISS-2DPAGE
1901,train_75,Q27655,5.56,SWISS-2DPAGE
1902,train_75,P99160,4.9,PIP-DB
1903,train_75,Q6X938,10.3,PIP-DB
1904,train_75,P33330,6.74,PIP-DB
1905,train_75,P19961,5.4,PIP-DB
1906,train_75,Q9SPP9,5.89,PIP-DB
1907,train_75,P33912,6.05,PIP-DB
1908,train_75,P13916,5.82,SWISS-2DPAGE
1909,train_75,Q26609,6.25,PIP-DB
1910,train_75,P02679,4.92,SWISS-2DPAGE
1911,train_75,P35232,6.3,PIP-DB
1912,train_75,P0AD49,3.5,PIP-DB
1913,train_75,P20700,5.2,PIP-DB
1914,train_75,P06493,5.91667,SWISS-2DPAGE
1915,train_75,P48845,7.16,SWISS-2DPAGE
1916,train_75,P0A855,6.0775,SWISS-2DPAGE
1917,train_75,Q6EM42,6.58,SWISS-2DPAGE
1918,train_75,P99095,5.268,SWISS-2DPAGE
1919,train_75,P00548,5.4,PIP-DB
1920,train_75,Q5QJV4,4.5,PIP-DB
1921,train_75,P51970,5.53,SWISS-2DPAGE
1922,train_75,P99026,4.77333,SWISS-2DPAGE
1923,train_75,P15086,4.3,PIP-DB
1924,train_75,P99101,4.82,SWISS-2DPAGE
1925,train_75,A5YVK8,4.15,PIP-DB
1926,train_75,Q9M6E7,4.83,SWISS-2DPAGE
1927,train_75,P24534,5.34429,SWISS-2DPAGE
1928,train_75,P35700,3.0,PIP-DB
1929,train_75,P0ACF8,5.16909,SWISS-2DPAGE
1930,train_75,P62808,8.45,PIP-DB
1931,train_75,P81528,5.22667,SWISS-2DPAGE
1932,train_75,P0A6D3,4.5975,SWISS-2DPAGE
1933,train_75,P10969,5.005,SWISS-2DPAGE
1934,train_75,P39304,6.34,SWISS-2DPAGE
1935,train_75,Q86D27,5.414,SWISS-2DPAGE
1936,train_75,P28072,4.9,PIP-DB
1937,train_75,B1P1S7,5.6,PIP-DB
1938,train_75,P15108,6.0,PIP-DB
1939,train_75,P07356,5.44,SWISS-2DPAGE
1940,train_75,Q9VKX2,5.74333,SWISS-2DPAGE
1941,train_75,P0AC41,4.6,PIP-DB
1942,train_75,P09403,5.5,PIP-DB
1943,train_75,P03300,5.5,SWISS-2DPAGE
1944,train_75,P99072,4.7,PIP-DB
1945,train_75,Q9X405,4.83,SWISS-2DPAGE
1946,train_75,A9RA75,5.29,SWISS-2DPAGE
1947,train_75,Q1KL30,6.4,PIP-DB
1948,train_75,P99178,6.09,SWISS-2DPAGE
1949,train_75,P0ADU2,4.0,PIP-DB
1950,train_75,P02358,4.3,PIP-DB
1951,train_75,A0PGT6,4.8,PIP-DB
1952,train_75,P39172,6.37,SWISS-2DPAGE
1953,train_75,P04762,6.67,SWISS-2DPAGE
1954,train_75,Q06323,4.83,SWISS-2DPAGE
1955,train_75,P38647,6.3,PIP-DB
1956,train_75,Q14847,6.2,PIP-DB
1957,train_75,P0A993,4.5,PIP-DB
1958,train_75,P31539,4.7,SWISS-2DPAGE
1959,train_75,P02791,5.8,PIP-DB
1960,train_75,P0CE48,5.14,SWISS-2DPAGE
1961,train_75,P00950,5.54,SWISS-2DPAGE
1962,train_75,Q9ZWR8,7.27,SWISS-2DPAGE
1963,train_75,P06169,7.29,SWISS-2DPAGE
1964,train_75,Q99VD4,5.75,PIP-DB
1965,train_75,Q9HXE7,5.3,PIP-DB
1966,train_75,P21589,5.48,SWISS-2DPAGE
1967,train_75,C0LNQ4,4.8,PIP-DB
1968,train_75,P16303,4.64,PIP-DB
1969,train_75,P07154,10.0,PIP-DB
1970,train_75,P30041,9.3,PIP-DB
1971,train_75,Q6F4D6,9.3,PIP-DB
1972,train_75,P99105,5.107,SWISS-2DPAGE
1973,train_75,P09598,5.37,SWISS-2DPAGE
1974,train_75,P55263,3.5,PIP-DB
1975,train_75,O35215,5.48,SWISS-2DPAGE
1976,train_75,Q9UBR2,4.94,SWISS-2DPAGE
1977,train_75,P00934,5.4,PIP-DB
1978,train_75,P0AFL3,6.9,PIP-DB
1979,train_75,P0A8X2,4.85,PIP-DB
1980,train_75,Q96VH9,5.18,PIP-DB
1981,train_75,Q17QL1,6.74,SWISS-2DPAGE
1982,train_75,P13601,4.7,PIP-DB
1983,train_75,P56480,4.8,PIP-DB
1984,train_75,P97532,7.82,PIP-DB
1985,train_75,P0A8F0,5.845,SWISS-2DPAGE
1986,train_75,P0AFU8,5.58,PIP-DB
1987,train_75,P39773,9.31,SWISS-2DPAGE
1988,train_75,Q8WZI8,4.99,SWISS-2DPAGE
1989,train_75,P04391,5.205,SWISS-2DPAGE
1990,train_75,P83129,5.49,PIP-DB
1991,train_75,P16278,5.47,SWISS-2DPAGE
1992,train_75,P83513,5.43,SWISS-2DPAGE
1993,train_75,P60709,6.7,PIP-DB
1994,train_75,P02545,4.5,PIP-DB
1995,train_75,P05187,5.0,SWISS-2DPAGE
1996,train_75,P00330,5.3,PIP-DB
1997,train_75,P68919,5.45,SWISS-2DPAGE
1998,train_75,P00707,5.2,PIP-DB
1999,train_75,Q23687,5.25,SWISS-2DPAGE
2000,train_75,P13857,4.69,SWISS-2DPAGE
2001,train_75,P15292,5.3,PIP-DB
2002,train_75,A6XIG0,4.9,PIP-DB
2003,train_75,P00740,4.975,SWISS-2DPAGE
2004,train_75,Q9ZPF5,5.805,SWISS-2DPAGE
2005,train_75,P02887,4.7,PIP-DB
2006,train_75,Q9UVQ5,3.5,PIP-DB
2007,train_75,P34884,4.3,PIP-DB
2008,train_75,Q766Z2,4.2,PIP-DB
2009,train_75,P09158,4.6,PIP-DB
2010,train_75,P09411,6.79,SWISS-2DPAGE
2011,train_75,Q9X519,5.29,SWISS-2DPAGE
2012,train_75,D3ZRW8,6.59,SWISS-2DPAGE
2013,train_75,O33948,5.2,PIP-DB
2014,train_75,P13489,7.5,PIP-DB
2015,train_75,P02768,6.15,PIP-DB
2016,train_75,Q6QA71,6.9,PIP-DB
2017,train_75,Q9C2Z0,6.67,SWISS-2DPAGE
2018,train_75,Q58487,4.9,PIP-DB
2019,train_75,P00195,6.52667,SWISS-2DPAGE
2020,train_75,Q705J0,5.46,SWISS-2DPAGE
2021,train_75,P10639,8.0,PIP-DB
2022,train_75,P05791,6.6,PIP-DB
2023,train_75,P81216,4.32,PIP-DB
2024,train_75,Q99TD2,5.35,PIP-DB
2025,train_75,P32324,5.8,PIP-DB
2026,train_75,Q38858,4.88889,SWISS-2DPAGE
2027,train_75,Q05819,5.2,PIP-DB
2028,train_75,Q8WVB3,5.44,SWISS-2DPAGE
2029,train_75,P05543,6.18,PIP-DB
2030,train_75,O28606,6.57,SWISS-2DPAGE
2031,train_75,P11553,5.16,SWISS-2DPAGE
2032,train_75,P0AEZ3,9.08,SWISS-2DPAGE
2033,train_75,P02655,5.04,SWISS-2DPAGE
2034,train_75,Q7M0X5,4.68,SWISS-2DPAGE
2035,train_75,P20029,5.78333,SWISS-2DPAGE
2036,train_75,P18206,6.58,SWISS-2DPAGE
2037,train_75,P25688,6.5,PIP-DB
2038,train_75,P60770,4.64,SWISS-2DPAGE
2039,train_75,P86327,4.96,SWISS-2DPAGE
2040,train_75,P04395,4.6,PIP-DB
2041,train_75,P02775,5.32,SWISS-2DPAGE
2042,train_75,Q6T3Q5,7.31778,SWISS-2DPAGE
2043,train_75,Q02567,8.5,PIP-DB
2044,train_75,P11908,4.45,PIP-DB
2045,train_75,P99159,8.5,PIP-DB
2046,train_75,P61769,6.44,SWISS-2DPAGE
2047,train_75,P00735,5.3,PIP-DB
2048,train_75,P0A6E6,4.8,PIP-DB
2049,train_75,B7ZEN3,4.9,PIP-DB
2050,train_75,P61714,5.4,SWISS-2DPAGE
2051,train_75,P21588,4.56,SWISS-2DPAGE
2052,train_75,Q9U8F2,5.65,SWISS-2DPAGE
2053,train_75,P08697,5.546,SWISS-2DPAGE
2054,train_75,P09832,5.57,SWISS-2DPAGE
2055,train_75,Q04894,7.0,PIP-DB
2056,train_75,Q9YGD2,5.84333,SWISS-2DPAGE
2057,train_75,P01138,6.04,SWISS-2DPAGE
2058,train_75,Q9FRV1,9.45,PIP-DB
2059,train_75,Q84QC9,7.0,PIP-DB
2060,train_75,P16453,5.47,SWISS-2DPAGE
2061,train_75,P70402,5.14,SWISS-2DPAGE
2062,train_75,Q0VCA8,5.3,PIP-DB
2063,train_75,P93819,5.8,PIP-DB
2064,train_75,P07910,5.97,SWISS-2DPAGE
2065,train_75,P00491,7.0,PIP-DB
2066,train_75,O04865,5.125,SWISS-2DPAGE
2067,train_75,P0A9Y6,4.84,SWISS-2DPAGE
2068,train_75,P19111,6.37667,SWISS-2DPAGE
2069,train_75,A3RIY0,5.2,PIP-DB
2070,train_75,Q06355,5.094,SWISS-2DPAGE
2071,train_75,Q1ERF9,5.065,SWISS-2DPAGE
2072,train_75,Q3T0R7,5.17,SWISS-2DPAGE
2073,train_75,P11917,4.96,SWISS-2DPAGE
2074,train_75,Q99TF4,4.1,PIP-DB
2075,train_75,Q8KT44,7.12,SWISS-2DPAGE
2076,train_75,Q70GL0,5.705,SWISS-2DPAGE
2077,train_75,Q61753,4.45,SWISS-2DPAGE
2078,train_75,P08709,5.46,SWISS-2DPAGE
2079,train_75,P60595,5.34,SWISS-2DPAGE
2080,train_75,Q68FS4,5.75,PIP-DB
2081,train_75,Q6TGQ8,5.11333,SWISS-2DPAGE
2082,train_75,A8W7J6,7.92,SWISS-2DPAGE
2083,train_75,P99085,4.5,PIP-DB
2084,train_75,Q873X9,5.39474,SWISS-2DPAGE
2085,train_75,P0A7B8,3.9,PIP-DB
2086,train_75,Q5I7J0,8.8,PIP-DB
2087,train_75,P99074,5.68,SWISS-2DPAGE
2088,train_75,P00751,5.2,PIP-DB
2089,train_75,P12832.1,9.4,PIP-DB
2090,train_75,O09175,6.44,SWISS-2DPAGE
2091,train_75,P17563,4.83,SWISS-2DPAGE
2092,train_75,P06753,5.48,SWISS-2DPAGE
2093,train_75,P11766,6.0,PIP-DB
2094,train_75,Q9RFR0,5.3,SWISS-2DPAGE
2095,train_75,P50635,4.23,SWISS-2DPAGE
2096,train_75,P54278,9.69,PIP-DB
2097,train_75,O74237,5.27,SWISS-2DPAGE
2098,train_75,P22133,4.88,SWISS-2DPAGE
2099,train_75,P33241,5.52,SWISS-2DPAGE
2100,train_75,P29447,5.4,SWISS-2DPAGE
2101,train_75,P02829,3.93333,SWISS-2DPAGE
2102,train_75,P00775,4.3,PIP-DB
2103,train_75,P08142,6.2,PIP-DB
2104,train_75,P99103,5.1,SWISS-2DPAGE
2105,train_75,Q8X220,5.15,SWISS-2DPAGE
2106,train_75,A1KY39,4.35,SWISS-2DPAGE
2107,train_75,P12821,5.03,SWISS-2DPAGE
2108,train_75,P68082,5.32,SWISS-2DPAGE
2109,train_75,P07528,6.86,SWISS-2DPAGE
2110,train_75,P23843,5.9,SWISS-2DPAGE
2111,train_75,P04247,6.06,SWISS-2DPAGE
2112,train_75,P99128,4.96,SWISS-2DPAGE
2113,train_75,P11216,5.42,SWISS-2DPAGE
2114,train_75,Q8LAS8,7.4,PIP-DB
2115,train_75,P0A7D1,4.3,PIP-DB
2116,train_75,P30086,5.76,SWISS-2DPAGE
2117,train_75,P12787,4.5,PIP-DB
2118,train_75,P12758,3.7,PIP-DB
2119,train_75,P02741,4.69,PIP-DB
2120,train_75,P55347,6.925,SWISS-2DPAGE
2121,train_75,P09169,4.84,SWISS-2DPAGE
2122,train_75,P0CP74,5.0,PIP-DB
2123,train_75,Q99W49,5.1,PIP-DB
2124,train_75,Q9H0U9,5.73,SWISS-2DPAGE
2125,train_75,Q13233,5.17,SWISS-2DPAGE
2126,train_75,P01591,10.0,PIP-DB
2127,train_75,Q8K3R0,5.98444,SWISS-2DPAGE
2128,train_75,P07118,8.3,PIP-DB
2129,train_75,P45376,5.38,SWISS-2DPAGE
2130,train_75,Q6PK77,4.97,SWISS-2DPAGE
2131,train_75,Q1W758,5.65,SWISS-2DPAGE
2132,train_75,P62695,5.31,SWISS-2DPAGE
2133,train_75,E1UIX5,5.06,SWISS-2DPAGE
2134,train_75,P21107,4.5,PIP-DB
2135,train_75,P01315,5.35,PIP-DB
2136,train_75,P12074,5.73,SWISS-2DPAGE
2137,train_75,Q02566,6.2,PIP-DB
2138,train_75,P0A6F9,7.0,PIP-DB
2139,train_75,P46471,5.28,SWISS-2DPAGE
2140,train_75,P04066,11.0,PIP-DB
2141,train_75,A7LBL2,5.385,SWISS-2DPAGE
2142,train_75,P03695,5.795,SWISS-2DPAGE
2143,train_75,P31678,7.3,PIP-DB
2144,train_75,P21269,6.16,SWISS-2DPAGE
2145,train_75,P60651,6.4,PIP-DB
2146,train_75,P03007,4.9,PIP-DB
2147,train_75,P30860,8.1,PIP-DB
2148,train_75,P02904,4.4,PIP-DB
2149,train_75,P08253,5.64091,SWISS-2DPAGE
2150,train_75,Q9P8P2,4.37,SWISS-2DPAGE
2151,train_75,O77687,5.25,SWISS-2DPAGE
2152,train_75,Q05603,6.7,PIP-DB
2153,train_75,P46800,5.2,PIP-DB
2154,train_75,Q9HTJ1,5.95,PIP-DB
2155,train_75,P0A940,8.0,PIP-DB
2156,train_75,P69503,5.06,SWISS-2DPAGE
2157,train_75,Q9LLD7,4.77,PIP-DB
2158,train_75,O81413,5.095,SWISS-2DPAGE
2159,train_75,P85283,6.7,SWISS-2DPAGE
2160,train_75,P15241,5.65,PIP-DB
2161,train_75,P06733,4.97,SWISS-2DPAGE
2162,train_75,Q4Q0M0,4.86,SWISS-2DPAGE
2163,train_75,P30084,5.24,SWISS-2DPAGE
2164,train_75,Q04695,5.74028,SWISS-2DPAGE
2165,train_75,O31341,5.56,SWISS-2DPAGE
2166,train_75,P00358,6.9,PIP-DB
2167,train_75,P35340,6.6,PIP-DB
2168,train_75,Q59671,6.9,PIP-DB
2169,train_75,P49096,5.58,SWISS-2DPAGE
2170,train_75,Q7A7L2,5.6,PIP-DB
2171,train_75,Q2KIG3,6.0,PIP-DB
2172,train_75,Q9XY07,4.86,SWISS-2DPAGE
2173,train_75,Q6JE29,8.4,SWISS-2DPAGE
2174,train_75,P23141,5.21,SWISS-2DPAGE
2175,train_75,B2BZ80,5.93,SWISS-2DPAGE
2176,train_75,Q99W43,5.43,SWISS-2DPAGE
2177,train_75,P14632,5.39,SWISS-2DPAGE
2178,train_75,Q7A3H8,5.61,SWISS-2DPAGE
2179,train_75,P30711,4.4,PIP-DB
2180,train_75,Q9FVF9,5.19,SWISS-2DPAGE
2181,train_75,Q9I9R4,5.3,PIP-DB
2182,train_75,P0AFG3,4.55,PIP-DB
2183,train_75,A4L696,4.91667,SWISS-2DPAGE
2184,train_75,Q9Z1T6,5.44,SWISS-2DPAGE
2185,train_75,P00698,8.6,PIP-DB
2186,train_75,P77247,4.03,PIP-DB
2187,train_75,P00509,5.61,SWISS-2DPAGE
2188,train_75,P02511,5.2,PIP-DB
2189,train_75,Q8RJN5,4.4,PIP-DB
2190,train_75,Q8L5J1,4.9,PIP-DB
2191,train_75,P01552,6.12667,SWISS-2DPAGE
2192,train_75,P0A9C5,5.38,SWISS-2DPAGE
2193,train_75,Q2LE69,4.97,SWISS-2DPAGE
2194,train_75,P04550,6.3,PIP-DB
2195,train_75,Q8KXD2,6.45,PIP-DB
2196,train_75,Q2TFW1,4.88,SWISS-2DPAGE
2197,train_75,P10481,6.0,PIP-DB
2198,train_75,P20152,3.6,PIP-DB
2199,train_75,P04841,5.3,PIP-DB
2200,train_75,P86328,5.22,SWISS-2DPAGE
2201,train_75,A2V800,7.287,SWISS-2DPAGE
2202,train_75,P09382,7.08,PIP-DB
2203,train_75,P27169,5.3,PIP-DB
2204,train_75,Q5MBH6,6.6,PIP-DB
2205,train_75,P11021,5.27,SWISS-2DPAGE
2206,train_75,P69006,5.0,PIP-DB
2207,train_75,P27695,4.3,PIP-DB
2208,train_75,O68575,6.59,SWISS-2DPAGE
2209,train_75,A1ILJ0,4.93,SWISS-2DPAGE
2210,train_75,C6UEA4,9.7,PIP-DB
2211,train_75,Q40251,4.88,SWISS-2DPAGE
2212,train_75,P0C943,5.355,SWISS-2DPAGE
2213,train_75,P30101,6.4,PIP-DB
2214,train_75,P99084,7.79,PIP-DB
2215,train_75,P30298,5.49,SWISS-2DPAGE
2216,train_75,Q7Z9M8,4.53923,SWISS-2DPAGE
2217,train_75,Q99044,4.69,SWISS-2DPAGE
2218,train_75,P25906,7.22889,SWISS-2DPAGE
2219,train_75,P25704,7.2425,SWISS-2DPAGE
2220,train_75,A9Z0V9,5.2125,SWISS-2DPAGE
2221,train_75,Q43157,5.82,SWISS-2DPAGE
2222,train_75,P23528,5.37,SWISS-2DPAGE
2223,train_75,P0ADA1,7.14,PIP-DB
2224,train_75,Q9I596,6.36667,SWISS-2DPAGE
2225,train_75,O75368,6.6,SWISS-2DPAGE
2226,train_75,P30126,5.3,SWISS-2DPAGE
2227,train_75,P07830,4.86143,SWISS-2DPAGE
2228,train_75,P10173,6.71167,SWISS-2DPAGE
2229,train_75,P02760,6.25,PIP-DB
2230,train_75,P09211,9.1,PIP-DB
2231,train_75,P0A9Q1,9.05,PIP-DB
2232,train_75,P99116,5.6,PIP-DB
2233,train_75,P0AFK9,5.6,PIP-DB
2234,train_75,P48825,3.61,PIP-DB
2235,train_75,P99028,5.3,PIP-DB
2236,train_75,P0ABA0,5.51,SWISS-2DPAGE
2237,train_75,P25934,8.34,PIP-DB
2238,train_75,P31658,4.89,SWISS-2DPAGE
2239,train_75,P09850,5.58,SWISS-2DPAGE
2240,train_75,P51094,5.065,SWISS-2DPAGE
2241,train_75,P0AD96,5.4,PIP-DB
2242,train_75,P18562,6.7,PIP-DB
2243,train_75,P0AC53,5.12,SWISS-2DPAGE
2244,train_75,P22789,4.77333,SWISS-2DPAGE
2245,train_75,P0ACB0,4.05,PIP-DB
2246,train_75,P14518,5.42,PIP-DB
2247,train_75,P49411,4.54,SWISS-2DPAGE
2248,train_75,Q95X01,5.3,SWISS-2DPAGE
2249,train_75,P07203,5.1,PIP-DB
2250,train_75,Q9N102,4.9,PIP-DB
2251,train_75,P15520,5.4,PIP-DB
2252,train_75,P35511,5.4,PIP-DB
2253,train_75,P13716,4.7,PIP-DB
2254,train_75,P37689,4.25,PIP-DB
2255,train_75,P62803,9.32,PIP-DB
2256,train_75,O65719,5.3,PIP-DB
2257,train_75,P99063,5.0,PIP-DB
2258,train_75,Q08415,5.38,SWISS-2DPAGE
2259,train_75,P99115,7.85,PIP-DB
2260,train_75,P0C2D2,6.165,SWISS-2DPAGE
2261,train_75,P13706,4.78,PIP-DB
2262,train_75,Q29582,5.51,SWISS-2DPAGE
2263,train_75,P10599,6.85,SWISS-2DPAGE
2264,train_75,P73911,3.8,PIP-DB
2265,train_75,P02238,4.83,PIP-DB
2266,train_75,Q9UQ80,4.9,PIP-DB
2267,train_75,P02236,5.1,PIP-DB
2268,train_75,D5LRR6,7.3,PIP-DB
2269,train_75,P00813,5.1,PIP-DB
2270,train_75,Q9SEW0,9.3,PIP-DB
2271,train_75,Q0VCY0,7.95,PIP-DB
2272,train_75,P29421,5.13,PIP-DB
2273,train_75,P0A6P9,8.4,PIP-DB
2274,train_75,P09466,9.9,PIP-DB
2275,train_75,P14206,4.9,PIP-DB
2276,train_75,A3FKJ7,4.97,PIP-DB
2277,train_75,F1RF82,6.63,PIP-DB
2278,train_75,P70694,6.2,PIP-DB
2279,train_75,P42760,8.8,PIP-DB
2280,train_75,P99094,6.0,PIP-DB
2281,train_75,Q9UHL4,5.7,PIP-DB
2282,train_75,P42216,6.65,PIP-DB
2283,train_75,P99173,5.05,PIP-DB
2284,train_75,P34914,5.9,PIP-DB
2285,train_75,P11404,8.7,PIP-DB
2286,train_75,Q88PD5,9.8,PIP-DB
2287,train_75,P0A6F5,9.0,PIP-DB
2288,train_75,P68040,6.0,PIP-DB
2289,train_75,P49368,6.8,PIP-DB
2290,train_75,P02932,6.0,PIP-DB
2291,train_75,D3RVD4,4.7,PIP-DB
2292,train_75,Q47PG8,5.35,PIP-DB
2293,train_75,Q8J0I9,6.3,PIP-DB
2294,train_75,Q9Y265,5.7,PIP-DB
2295,train_75,P11725,4.7,PIP-DB
2296,train_75,E1CAJ7,2.8,PIP-DB
2297,train_75,P05979,8.2,PIP-DB
2298,train_75,P17742,3.5,PIP-DB
2299,train_75,Q7A5Z3,7.6,PIP-DB
2300,train_75,A5N5C8,3.8,PIP-DB
2301,train_75,P99163,4.45,PIP-DB
2302,train_75,Q8WZM5,6.8,PIP-DB
2303,train_75,P0AET8,5.6,PIP-DB
2304,train_75,P0A6H5,5.87,PIP-DB
2305,train_75,P16703,5.43,PIP-DB
2306,train_75,P0A9P0,5.47,PIP-DB
2307,train_75,Q9ZRM4,7.2,PIP-DB
2308,train_75,P47756,7.8,PIP-DB
2309,train_75,P0A9C3,5.4,PIP-DB
2310,train_75,Q99W07,5.5,PIP-DB
2311,train_75,P02753,5.0,PIP-DB
2312,train_75,Q93UN8,5.5,PIP-DB
2313,train_75,Q3F064,5.0,PIP-DB
2314,train_75,P04141,7.4,PIP-DB
2315,train_75,P28037,6.3,PIP-DB
2316,train_75,P16070,8.0,PIP-DB
2317,train_75,P16127,3.8,PIP-DB
2318,train_75,P99127,4.5,PIP-DB
2319,train_75,P00738,5.0,SWISS-2DPAGE
2320,train_75,P52196,4.45,PIP-DB
2321,train_75,P05784,5.1,PIP-DB
2322,train_75,P04180,5.6,PIP-DB
2323,train_75,P16219,5.5,PIP-DB
2324,train_75,P24268,9.6,PIP-DB
