seq_no,length,t_ipc2_s,t_svr19_s,t_esmpi_gpu_s,t_esmpi_cpu_s
1,332,0.0006632991135120392,0.013885501772165298,0.08507919870316982,1.233372898772359
2,217,0.0005884990096092224,0.01325790025293827,0.05438750050961971,0.6080716010183096
3,423,0.000599101185798645,0.013210399076342583,0.09941139817237854,1.1453869994729757
4,597,0.000615900382399559,0.013164900243282318,0.15241000056266785,1.5866034012287855
5,391,0.0005967989563941956,0.010702800005674362,0.09824430011212826,1.0349560994654894
6,535,0.0019653011113405228,0.013500601053237915,0.12981189973652363,1.4730411004275084
7,553,0.0011020004749298096,0.013990800827741623,0.131394499912858,1.4949409998953342
8,196,0.0006463006138801575,0.013882899656891823,0.057040100917220116,0.4964265991002321
9,318,0.0008704997599124908,0.013094499707221985,0.07779319956898689,0.8358411993831396
10,430,0.0007082987576723099,0.012397099286317825,0.09977260045707226,1.1671978998929262
11,234,0.0007397010922431946,0.01312129944562912,0.05849500000476837,0.6610899996012449
12,610,0.0007233992218971252,0.0146246999502182,0.15347390063107014,2.115378901362419
13,495,0.0006611999124288559,0.012699000537395477,0.1165287010371685,1.2469119988381863
14,190,0.0005830992013216019,0.010822400450706482,0.057801200076937675,0.6301208008080721
15,138,0.0005754008889198303,0.01314450055360794,0.04901089891791344,0.3675677999854088
16,127,0.0005757007747888565,0.013287600129842758,0.050314199179410934,0.3849765006452799
17,669,0.0006444994360208511,0.012739600613713264,0.16683189943432808,1.6684849001467228
18,134,0.0005670003592967987,0.012500200420618057,0.05908589996397495,0.3776639997959137
19,388,0.000599399209022522,0.012269200757145882,0.09754979982972145,1.001358000561595
20,367,0.0005961991846561432,0.013257401064038277,0.085606399923563,0.902904199436307
21,555,0.0006595011800527573,0.012990498915314674,0.13164850138127804,1.5822480004280806
22,1236,0.0007085986435413361,0.013129498809576035,0.33507039956748486,3.506284900009632
23,84,0.0005622003227472305,0.0121420007199049,0.06287319958209991,0.2504223007708788
24,317,0.0005931984633207321,0.013617899268865585,0.07721859961748123,0.8002544995397329
25,572,0.0006205998361110687,0.014238100498914719,0.13428680039942265,1.556250300258398
26,217,0.0005705989897251129,0.014169000089168549,0.053474100306630135,0.5614842008799314
27,324,0.0008463989943265915,0.013799300417304039,0.08226680010557175,0.8331900984048843
28,412,0.0007892996072769165,0.011221000924706459,0.09813780151307583,1.0430691000074148
29,59,0.0012403987348079681,0.013165298849344254,0.07104090042412281,0.18683280050754547
30,183,0.00096919946372509,0.013592500239610672,0.056494999676942825,0.4763955008238554
31,213,0.0008351001888513565,0.01245020143687725,0.061342500150203705,0.5451878998428583
32,432,0.0007102992385625839,0.010845901444554329,0.09849590063095093,1.116923801600933
33,271,0.0006415992975234985,0.012933500111103058,0.07733109965920448,0.6721692997962236
34,189,0.0005855988711118698,0.012921299785375595,0.05014059878885746,0.47853740118443966
35,553,0.000640498474240303,0.013645701110363007,0.1339922994375229,1.493443200364709
36,266,0.0005744993686676025,0.011017700657248497,0.07244750112295151,0.6318586990237236
37,389,0.0005849003791809082,0.013029100373387337,0.09619290009140968,0.9518346004188061
38,198,0.0005782991647720337,0.012420400977134705,0.05232989974319935,0.4907655008137226
39,224,0.0005674008280038834,0.013369599357247353,0.06697390042245388,0.5676697995513678
40,143,0.000552099198102951,0.011007001623511314,0.053060099482536316,0.39508930034935474
41,332,0.000593600794672966,0.012857800349593163,0.08054530061781406,0.8601530008018017
42,339,0.000581100583076477,0.01316859945654869,0.08153329975903034,0.973904000595212
43,512,0.0005911011248826981,0.013175999745726585,0.12634209915995598,1.4648070000112057
44,481,0.0005926992744207382,0.010811498388648033,0.11492920108139515,1.4191388003528118
45,333,0.000574801117181778,0.012897200882434845,0.0829783994704485,0.9614876993000507
46,173,0.0005581993609666824,0.01363140158355236,0.05023379996418953,0.479135200381279
47,622,0.0006230995059013367,0.013059500604867935,0.15832939930260181,1.8116969000548124
48,327,0.0005927998572587967,0.011136800050735474,0.0839731004089117,0.7897807992994785
49,511,0.0006032008677721024,0.012883501127362251,0.12867719866335392,1.521596498787403
50,32,0.000535300001502037,0.012667300179600716,0.05444519966840744,0.11894680000841618
51,116,0.0005661007016897202,0.01306929998099804,0.05184809863567352,0.3233454003930092
52,321,0.0005802996456623077,0.010928399860858917,0.08043249882757664,0.8168919999152422
53,875,0.0006434004753828049,0.013472000136971474,0.20826870016753674,3.1878335997462273
54,85,0.0005447007715702057,0.013203799724578857,0.05955279991030693,0.36621079966425896
55,447,0.0029372014105319977,0.013757200911641121,0.11043239943683147,1.443682700395584
56,296,0.0006508994847536087,0.013811498880386353,0.07683810032904148,0.809145700186491
57,135,0.0007194001227617264,0.011670000851154327,0.0495378989726305,0.37609280087053776
58,685,0.0006878003478050232,0.013345301151275635,0.16767710074782372,1.7806950993835926
59,248,0.0006234999746084213,0.013230599462985992,0.060386599972844124,0.6997330002486706
60,365,0.0006163995712995529,0.012644900009036064,0.08432210050523281,0.9896504003554583
61,261,0.000630699098110199,0.010718099772930145,0.0719367004930973,0.6504060998558998
62,875,0.00070980004966259,0.01358179934322834,0.21027790009975433,2.7749265003949404
63,572,0.0006503984332084656,0.014994898810982704,0.13326499983668327,1.6500999014824629
64,212,0.0006493013352155685,0.013755599036812782,0.05351549945771694,0.640920901671052
65,149,0.0005959011614322662,0.012908300384879112,0.06162100099027157,0.38293319940567017
66,503,0.0006489008665084839,0.01252410002052784,0.11757740005850792,1.3877953998744488
67,519,0.0006444994360208511,0.013699600473046303,0.12572349980473518,1.6109269000589848
68,786,0.000700000673532486,0.01328670047223568,0.18780670128762722,2.9004132002592087
69,563,0.00067870132625103,0.012536698952317238,0.13202250003814697,2.371019998565316
70,1480,0.0007764007896184921,0.011078199371695518,0.4228214006870985,4.548759300261736
71,412,0.000638199970126152,0.014325900003314018,0.09864670038223267,1.105239000171423
72,318,0.0006153006106615067,0.013764599338173866,0.07839930057525635,0.8692162986844778
73,551,0.0006303992122411728,0.013870799914002419,0.1301921010017395,1.7159050982445478
74,331,0.0006372015923261642,0.013746298849582672,0.08072850108146667,0.8935193009674549
75,588,0.0007227007299661636,0.012048300355672836,0.14991730079054832,1.6883880011737347
76,187,0.0005954001098871231,0.011681299656629562,0.05336569994688034,0.5091150999069214
77,206,0.0019362997263669968,0.013226199895143509,0.05321590043604374,0.5178271997720003
78,577,0.0007830988615751266,0.013604799285531044,0.1511623002588749,1.6846274007111788
79,408,0.0007857996970415115,0.01288439892232418,0.0990459006279707,1.1604260001331568
80,273,0.0007985010743141174,0.011002199724316597,0.07429339922964573,0.753813499584794
81,387,0.0008393991738557816,0.013329699635505676,0.096085699275136,1.0827076993882656
82,147,0.0006303992122411728,0.01353830099105835,0.05001810006797314,0.47738320007920265
83,397,0.0006632003933191299,0.014778900891542435,0.09847449883818626,1.250907501205802
84,298,0.0006471984088420868,0.01106099970638752,0.07567100040614605,0.7687349002808332
85,311,0.00062590092420578,0.013917600736021996,0.07720479927957058,0.7687740009278059
86,488,0.0006601009517908096,0.012829599902033806,0.11381630040705204,1.284800799563527
87,260,0.0006173010915517807,0.013034701347351074,0.07381059974431992,0.6347516998648643
88,634,0.000643901526927948,0.013356400653719902,0.1554287988692522,1.7461476009339094
89,611,0.0006826985627412796,0.011118201538920403,0.1543675009161234,1.72657909989357
90,484,0.0006533991545438766,0.014026898890733719,0.11616799980401993,1.502633100375533
91,381,0.0006547998636960983,0.013672299683094025,0.09015450067818165,1.2075124997645617
92,499,0.0006655007600784302,0.014938700944185257,0.11562149971723557,1.5371160004287958
93,203,0.0006160996854305267,0.013347100466489792,0.05423459969460964,0.4874761011451483
94,194,0.0006064996123313904,0.012653900310397148,0.055736999958753586,0.4860510993748903
95,443,0.0006498005241155624,0.013731999322772026,0.10196050070226192,1.2121069002896547
96,183,0.0006299987435340881,0.012643000110983849,0.05476430058479309,0.4997835997492075
97,317,0.0009092986583709717,0.013064401224255562,0.07715079933404922,0.7963165994733572
98,224,0.0005928985774517059,0.01071619987487793,0.05668160133063793,0.5752620995044708
99,404,0.000596899539232254,0.012776399031281471,0.09804829955101013,1.0547930002212524
100,147,0.0016718003898859024,0.013345999643206596,0.054586999118328094,0.7763838991522789
101,287,0.001036001369357109,0.013814099133014679,0.07352939993143082,0.8896391000598669
102,558,0.00067179836332798,0.01460069976747036,0.13138730078935623,1.7342661991715431
103,389,0.0006198994815349579,0.010839499533176422,0.0956328995525837,1.1125924997031689
104,239,0.0005824994295835495,0.013026099652051926,0.06364390067756176,0.6374034993350506
105,676,0.0006687995046377182,0.013975400477647781,0.16781350038945675,1.6163628995418549
106,438,0.0006162989884614944,0.013331899419426918,0.0999078992754221,1.1197705008089542
107,161,0.0005645006895065308,0.011103598400950432,0.04804249852895737,0.42865530028939247
108,72,0.0005553010851144791,0.013052800670266151,0.06041239947080612,0.20342309959232807
109,444,0.0006045009940862656,0.012983700260519981,0.1015659999102354,1.1649500001221895
110,261,0.0005788002163171768,0.012383099645376205,0.07478339970111847,0.6324915010482073
111,326,0.0005942992866039276,0.011065499857068062,0.08194760046899319,0.7892784010618925
112,701,0.0006392989307641983,0.013407200574874878,0.17004560120403767,1.809723099693656
113,429,0.0006018988788127899,0.015287499874830246,0.09924830123782158,1.0581234004348516
114,846,0.0006483998149633408,0.01427840068936348,0.2068317998200655,2.167171001434326
115,530,0.0006163008511066437,0.013632500544190407,0.13042869977653027,1.3801478017121553
116,157,0.0005670003592967987,0.014281800016760826,0.04976760037243366,0.3923530001193285
117,261,0.0005764998495578766,0.01205340027809143,0.07164510153234005,0.6314991991966963
118,509,0.0006141010671854019,0.012938899919390678,0.12083679996430874,1.2846098002046347
119,396,0.0006072986871004105,0.01413780078291893,0.09738390147686005,1.0250073000788689
120,538,0.0006106998771429062,0.015095198526978493,0.1300507988780737,1.3661462012678385
121,387,0.0006029009819030762,0.01368660107254982,0.09858259931206703,1.174363899976015
122,160,0.0005673002451658249,0.012631898745894432,0.057124899700284004,0.3908973000943661
123,502,0.0008335001766681671,0.013394299894571304,0.11920570023357868,1.7475990001112223
124,201,0.002242499962449074,0.012364700436592102,0.05768179893493652,0.5136420000344515
125,324,0.0007288996130228043,0.012773498892784119,0.08489600010216236,0.8205265998840332
126,1744,0.0008323006331920624,0.010895300656557083,0.5253804009407759,5.405429299920797
127,152,0.0005633998662233353,0.014824101701378822,0.04798809997737408,0.3945818990468979
128,267,0.0006082002073526382,0.013922400772571564,0.07269180007278919,0.8752006012946367
129,451,0.0005883984267711639,0.013552099466323853,0.11212290078401566,1.2017931006848812
130,175,0.0005406998097896576,0.013568701222538948,0.049124399200081825,0.3988735992461443
131,708,0.0006076004356145859,0.010806601494550705,0.1750400010496378,1.6920047998428345
132,532,0.0005808006972074509,0.014686500653624535,0.13063300028443336,1.3889819011092186
133,393,0.0006247013807296753,0.013377999886870384,0.09687869995832443,0.9891083985567093
134,1667,0.0007952004671096802,0.013789398595690727,0.4846359994262457,5.0499783009290695
135,495,0.0005796998739242554,0.012755200266838074,0.11606330052018166,1.334622599184513
136,331,0.0005687009543180466,0.011043298989534378,0.08318569883704185,0.8305182997137308
137,145,0.0005834996700286865,0.014671100303530693,0.04817329905927181,0.3762155007570982
138,155,0.0005411002784967422,0.014314999803900719,0.05054819956421852,0.4412239007651806
139,530,0.0005897004157304764,0.013625198975205421,0.13034600019454956,1.3937107007950544
140,554,0.000627199187874794,0.014902999624609947,0.13346999883651733,1.4341305010020733
141,222,0.0006588008254766464,0.010604798793792725,0.05468540079891682,0.5275404993444681
142,609,0.0006230007857084274,0.01345129869878292,0.15209299884736538,1.7193213999271393
143,283,0.0005545001477003098,0.01335890032351017,0.0735899992287159,0.7683860007673502
144,484,0.000579100102186203,0.013564499095082283,0.1196276992559433,1.2066882997751236
145,169,0.0005396008491516113,0.011429999023675919,0.05464410036802292,0.4147055000066757
146,843,0.000637400895357132,0.012471100315451622,0.20543639920651913,2.1658306010067463
147,185,0.0005434006452560425,0.012625601142644882,0.05112290009856224,0.44840409979224205
148,280,0.001980200409889221,0.012838900089263916,0.07509719952940941,0.6621560994535685
149,341,0.0006936993449926376,0.012741301208734512,0.08277629874646664,0.8602792993187904
150,816,0.001187499612569809,0.01134059950709343,0.18928330019116402,2.0317307002842426
151,440,0.001059800386428833,0.013243000954389572,0.10174000076949596,1.2187467999756336
152,396,0.0007955990731716156,0.012651801109313965,0.10244090110063553,1.0290264002978802
153,102,0.000574599951505661,0.014989100396633148,0.08359379880130291,0.30164809897542
154,301,0.0006029997020959854,0.010764600709080696,0.08104700036346912,0.7578804008662701
155,318,0.0006181001663208008,0.013729099184274673,0.08161499910056591,0.8126523997634649
156,109,0.0005689002573490143,0.013468999415636063,0.06838520057499409,0.5181786995381117
157,302,0.0005827993154525757,0.0127664003521204,0.07794819958508015,0.782624701038003
158,466,0.0006150007247924805,0.01062370091676712,0.11576239950954914,1.226562799885869
159,99,0.0005761999636888504,0.013327499851584435,0.05578319914638996,0.289835998788476
160,224,0.0005747992545366287,0.01320510171353817,0.06036130152642727,0.553142998367548
161,376,0.0005922988057136536,0.013184700161218643,0.086013900116086,0.9430090989917517
162,437,0.00061039999127388,0.011652199551463127,0.10079079866409302,1.0872053988277912
163,314,0.0005954988300800323,0.01340549997985363,0.07825889997184277,0.8362322002649307
164,382,0.0006029997020959854,0.013897201046347618,0.08667970076203346,1.1405643988400698
165,500,0.0006200000643730164,0.014620600268244743,0.11551159992814064,1.397383900359273
166,375,0.0005894005298614502,0.013294201344251633,0.08465199917554855,0.9970820005983114
167,252,0.0005863998085260391,0.010842200368642807,0.05595649965107441,0.6538663003593683
168,257,0.00058010034263134,0.01304440014064312,0.07430939935147762,0.6333695016801357
169,63,0.0005538985133171082,0.013293599709868431,0.05279490165412426,0.19623439945280552
170,158,0.0010499004274606705,0.013413799926638603,0.05177239887416363,0.3890907000750303
171,250,0.0024375002831220627,0.011659601703286171,0.056201400235295296,0.621280999854207
172,330,0.0006448999047279358,0.012286100536584854,0.08309639990329742,0.8569335006177425
173,326,0.0006769001483917236,0.015612900257110596,0.08345920033752918,0.8280615005642176
174,213,0.0006025005131959915,0.013933299109339714,0.05745759978890419,0.5902270991355181
175,358,0.000599399209022522,0.013130201026797295,0.08309299871325493,0.9611991997808218
176,441,0.0006087999790906906,0.011107901111245155,0.09994279965758324,1.2296128999441862
177,491,0.000606900081038475,0.01326110027730465,0.11590860038995743,1.3624562993645668
178,496,0.0006061997264623642,0.013619599863886833,0.11663449928164482,1.576272999867797
179,149,0.0005565006285905838,0.013367600739002228,0.046433499082922935,0.5279163010418415
180,695,0.0006315000355243683,0.013201000168919563,0.17240540124475956,1.8562775012105703
181,413,0.0005895998328924179,0.011580700054764748,0.09902009926736355,1.073691200464964
182,83,0.0005571004003286362,0.012987600639462471,0.05842389911413193,0.24149899929761887
183,331,0.0005874987691640854,0.013145700097084045,0.08406330086290836,0.8706475999206305
184,476,0.0006024017930030823,0.013189300894737244,0.11546169966459274,1.266482500359416
185,393,0.0006015002727508545,0.011391399428248405,0.09770210087299347,1.0208654012531042
186,224,0.0005702991038560867,0.013665400445461273,0.05422169901430607,0.5828414000570774
187,414,0.0005936995148658752,0.013322599232196808,0.09971750155091286,1.0761041007936
188,259,0.000574801117181778,0.012674499303102493,0.07450149953365326,0.6568491999059916
189,662,0.0006223991513252258,0.010750899091362953,0.16718650050461292,1.8027691002935171
190,315,0.000577099621295929,0.015088500455021858,0.07802760042250156,0.8135230001062155
191,917,0.0006667003035545349,0.012886499986052513,0.22214669920504093,2.437108300626278
192,231,0.0005994997918605804,0.013437401503324509,0.06474990025162697,0.8063747007399797
193,824,0.0006488990038633347,0.013283399865031242,0.19057790003716946,2.19026100076735
194,313,0.0005802009254693985,0.011515399441123009,0.07721289992332458,0.8234861008822918
195,138,0.0008825007826089859,0.014881299808621407,0.04928649961948395,0.3530148006975651
196,299,0.0024744998663663864,0.013255499303340912,0.07629030011594296,0.7796992007642984
197,255,0.0006831008940935135,0.013732299208641052,0.07437640056014061,0.643783800303936
198,148,0.0005865991115570068,0.013980001211166382,0.05056219920516014,0.4113992992788553
199,234,0.0005761999636888504,0.011122900992631912,0.055420899763703346,0.5631573013961315
200,353,0.0005859993398189545,0.01283550076186657,0.08279179967939854,0.9275029003620148
201,148,0.0005607996135950089,0.013319799676537514,0.05549910105764866,0.3778090011328459
202,311,0.0005790013819932938,0.013406900689005852,0.07811789959669113,0.8046792987734079
203,381,0.0005939006805419922,0.014080600813031197,0.08504570089280605,1.0186513010412455
204,138,0.0005585998296737671,0.010953400284051895,0.049973899498581886,0.37103609926998615
205,354,0.0005846992135047913,0.013444000855088234,0.08442520163953304,0.9086138010025024
206,842,0.0006658993661403656,0.013992801308631897,0.2072908002883196,2.2465054001659155
207,182,0.0005630999803543091,0.013336600735783577,0.06109759956598282,0.4522826988250017
208,343,0.0005855001509189606,0.010701600462198257,0.08366720005869865,0.9780693985521793
209,572,0.0006131995469331741,0.013522401452064514,0.1339902002364397,1.5554602015763521
210,254,0.0005737002938985825,0.013069599866867065,0.0650126002728939,0.6031483002007008
211,671,0.0006344001740217209,0.013930799439549446,0.16880680061876774,1.6641747988760471
212,307,0.0005872007459402084,0.013340400531888008,0.07819539867341518,0.7658264990895987
213,318,0.0005791988223791122,0.01119299978017807,0.07782329991459846,0.8287834003567696
214,372,0.0005807001143693924,0.014081599190831184,0.08506930060684681,0.9055544007569551
215,574,0.0006131008267402649,0.013912798836827278,0.13246559910476208,1.5247170999646187
216,749,0.0006466004997491837,0.013892900198698044,0.1805002000182867,1.9806485995650291
217,357,0.0007242001593112946,0.011161299422383308,0.08463629893958569,0.9530028998851776
218,388,0.0007216986268758774,0.01329990103840828,0.09684189967811108,1.0352857001125813
219,604,0.0006234999746084213,0.012655898928642273,0.15561549924314022,1.681853000074625
220,260,0.0014187991619110107,0.013223698362708092,0.07353989966213703,0.668139299377799
221,698,0.001118900254368782,0.012701500207185745,0.17282299883663654,1.8058835994452238
222,306,0.0006892997771501541,0.012881999835371971,0.07547309994697571,0.7538772989064455
223,334,0.0007661003619432449,0.012968098744750023,0.08197730034589767,0.8006234001368284
224,989,0.0007245000451803207,0.012400399893522263,0.2524069994688034,2.847104199230671
225,905,0.0007173996418714523,0.013773899525403976,0.22488689981400967,2.472700798884034
226,505,0.0006539002060890198,0.011381099000573158,0.11761040054261684,1.3596854005008936
227,633,0.0006626006215810776,0.013958100229501724,0.15454000048339367,1.755196599289775
228,391,0.0006407983601093292,0.013372499495744705,0.09671100042760372,1.0199798997491598
229,334,0.0006478000432252884,0.013085801154375076,0.08383770100772381,0.8495516013354063
230,62,0.0006012991070747375,0.010914899408817291,0.06324009969830513,0.21052129939198494
231,319,0.0006253998726606369,0.0127531997859478,0.08075439929962158,0.8073265999555588
232,519,0.0006575006991624832,0.012617100030183792,0.13089780136942863,1.829034199938178
233,393,0.0006249994039535522,0.013140799477696419,0.09816339984536171,1.027157599106431
234,642,0.0007119011133909225,0.01432419940829277,0.16560650058090687,1.7128278985619545
235,1976,0.0008167997002601624,0.012052599340677261,0.5993579998612404,6.287089001387358
236,184,0.0006208997219800949,0.012737300246953964,0.05429759994149208,0.5626731012016535
237,393,0.0006566997617483139,0.01230200007557869,0.09854799881577492,1.0479671005159616
238,424,0.0006412994116544724,0.012264000251889229,0.10012359917163849,1.1093124989420176
239,240,0.0006237998604774475,0.01140119880437851,0.05800190009176731,0.6010267995297909
240,328,0.0006423983722925186,0.015168000012636185,0.08307039923965931,0.9029163997620344
241,528,0.0008003003895282745,0.01410439983010292,0.12789279967546463,1.4641520995646715
242,375,0.0019173994660377502,0.013699699193239212,0.0881974995136261,0.9206329006701708
243,335,0.0007459986954927444,0.014110598713159561,0.08291970007121563,0.8170055001974106
244,464,0.001425398513674736,0.012425899505615234,0.11243989877402782,1.2147989999502897
245,213,0.0006746985018253326,0.012610699981451035,0.06317960098385811,0.545507499948144
246,105,0.0007782988250255585,0.013273000717163086,0.054214200004935265,0.29366109892725945
247,150,0.000636199489235878,0.01331930048763752,0.05091880075633526,0.39518599957227707
248,483,0.000618400052189827,0.014391500502824783,0.11494959890842438,1.3026125002652407
249,282,0.0005917008966207504,0.011537399142980576,0.07704679854214191,0.734137199819088
250,563,0.0006123986095190048,0.014236999675631523,0.1313995998352766,1.7470982000231743
251,425,0.000609399750828743,0.014957999810576439,0.0994293000549078,1.153201499953866
252,602,0.0006293002516031265,0.013848301023244858,0.15364049933850765,1.6193387992680073
253,251,0.0005831997841596603,0.014851000159978867,0.06299949996173382,0.6208461001515388
254,162,0.0005679000169038773,0.013468701392412186,0.04914259910583496,0.3988598007708788
255,553,0.0006769001483917236,0.011004900559782982,0.1317392997443676,1.5530024003237486
256,1068,0.0007063988596200943,0.014210499823093414,0.2684271987527609,2.8761240988969803
257,188,0.0005681011825799942,0.013365799561142921,0.05175349861383438,0.47465950064361095
258,377,0.0005852002650499344,0.012718100100755692,0.08513580076396465,0.9977198000997305
259,363,0.0005916990339756012,0.012003699317574501,0.08581719920039177,0.9664644002914429
260,289,0.0005732998251914978,0.014348600059747696,0.07328800112009048,0.7091645989567041
261,267,0.0005850996822118759,0.013524901121854782,0.0757192000746727,0.6924555003643036
262,412,0.0006002988666296005,0.013451401144266129,0.09840339981019497,1.0962920002639294
263,878,0.0006635989993810654,0.012300599366426468,0.2080898005515337,2.306095300242305
264,359,0.0005922988057136536,0.011035799980163574,0.08511500060558319,0.896442798897624
265,43,0.0007170997560024261,0.014675900340080261,0.05527510121464729,0.13577230088412762
266,166,0.002581799402832985,0.01513260044157505,0.05444859899580479,0.4181131012737751
267,288,0.001328999176621437,0.01389249972999096,0.07375540025532246,0.7174839004874229
268,463,0.0008383002132177353,0.012310599908232689,0.11385180056095123,1.2745989002287388
269,416,0.0006347000598907471,0.011045800521969795,0.10029460117220879,1.1458796001970768
270,432,0.000621400773525238,0.014348099008202553,0.10092730075120926,1.2677612006664276
271,557,0.0006257984787225723,0.01324789971113205,0.13186570070683956,1.548327399417758
272,447,0.0006057992577552795,0.013264700770378113,0.11284559965133667,1.2554478012025356
273,106,0.0005650017410516739,0.011230899021029472,0.06136910058557987,0.2873770985752344
274,608,0.0006514992564916611,0.012963598594069481,0.15220100060105324,1.7334617991000414
275,640,0.0006331000477075577,0.01315070129930973,0.1657665017992258,1.73468860052526
276,342,0.0005894005298614502,0.013222498819231987,0.08270389959216118,0.8969957008957863
277,366,0.0005917008966207504,0.01089160144329071,0.08420410007238388,0.9639653991907835
278,554,0.0006248001009225845,0.01315389946103096,0.13282250054180622,1.5546924006193876
279,497,0.0006022993475198746,0.014000900089740753,0.1163576990365982,1.4699007999151945
280,610,0.0006390996277332306,0.013758400455117226,0.1527865994721651,1.73680330067873
281,432,0.0005935002118349075,0.015220699831843376,0.10252340137958527,1.2222537007182837
282,201,0.0005759000778198242,0.013413399457931519,0.1203576996922493,1.5922190994024277
283,119,0.000560300424695015,0.010867800563573837,0.06689080037176609,0.34580669924616814
284,212,0.0005715005099773407,0.013585099950432777,0.05753579922020435,0.5253950990736485
285,408,0.0006050001829862595,0.014110099524259567,0.098029600456357,1.109605299308896
286,431,0.001130199059844017,0.014874700456857681,0.10168980062007904,1.1476520989090204
287,225,0.0005910992622375488,0.010730000212788582,0.05436659976840019,0.6060614995658398
288,310,0.0032186005264520645,0.012706201523542404,0.07561449892818928,0.7689594998955727
289,368,0.000665200874209404,0.01268559880554676,0.08730570040643215,0.9113423991948366
290,141,0.0008741002529859543,0.013750899583101273,0.05138099938631058,0.3928838986903429
291,222,0.0006828997284173965,0.012212799862027168,0.06041510030627251,0.549898199737072
292,188,0.0006686002016067505,0.011663800105452538,0.050185199826955795,0.5234564989805222
293,634,0.0006323996931314468,0.013961398974061012,0.1573552992194891,1.6914697997272015
294,338,0.0005849003791809082,0.014845501631498337,0.08149170130491257,0.9460537005215883
295,332,0.0005833003669977188,0.012677200138568878,0.08309630118310452,0.8360745012760162
296,836,0.0006574001163244247,0.010832700878381729,0.20469500124454498,2.182720499113202
297,510,0.0006155986338853836,0.012478498741984367,0.11792339943349361,1.3446092009544373
298,274,0.0005775988101959229,0.012978799641132355,0.07358330115675926,0.7193848993629217
299,330,0.0006574001163244247,0.01353129930794239,0.08203339949250221,0.8355882000178099
300,405,0.0006085000932216644,0.010804800316691399,0.09944350086152554,1.1291717011481524
301,373,0.0005943998694419861,0.013014700263738632,0.08866140060126781,0.9558864012360573
302,332,0.0005865991115570068,0.012669499963521957,0.08235709927976131,0.8090450000017881
303,410,0.000600198283791542,0.012714000418782234,0.09724549949169159,1.0523324999958277
304,241,0.0005782991647720337,0.01084829866886139,0.06543800048530102,0.6368307005614042
305,413,0.0005973000079393387,0.014273999258875847,0.0994125995784998,1.106632899492979
306,1098,0.0006927009671926498,0.013592101633548737,0.2989882007241249,3.1138963997364044
307,319,0.0005937013775110245,0.013328099623322487,0.08245819993317127,0.8054216001182795
308,273,0.0005815010517835617,0.01332160085439682,0.07429959997534752,0.6754092983901501
309,302,0.003600599244236946,0.010864600539207458,0.07664970122277737,0.740658700466156
310,574,0.0008666999638080597,0.01305219903588295,0.13448530063033104,1.5903549008071423
311,169,0.0009134002029895782,0.013774899765849113,0.05620930157601833,0.43583660013973713
312,379,0.0008006002753973007,0.012894799932837486,0.08641449920833111,1.2417703997343779
313,134,0.000575600191950798,0.012763600796461105,0.05282109975814819,0.33892720006406307
314,256,0.0005812998861074448,0.015353700146079063,0.07179220020771027,0.6264981999993324
315,286,0.0005927011370658875,0.013374298810958862,0.07608729973435402,0.6747570000588894
316,587,0.0006220005452632904,0.012793000787496567,0.15079000033438206,1.795635100454092
317,158,0.0005684997886419296,0.012802200391888618,0.055165600031614304,0.4176709000021219
318,267,0.0005929004400968552,0.01103300042450428,0.07639279961585999,0.9366261996328831
319,439,0.0006108991801738739,0.013071499764919281,0.10096349939703941,1.137831699103117
320,362,0.0005929004400968552,0.013807699084281921,0.09143219888210297,0.9193353001028299
321,176,0.000578099861741066,0.012423399835824966,0.05103139951825142,0.42360120080411434
322,275,0.0005844999104738235,0.010908901691436768,0.07526489906013012,0.6610148996114731
323,399,0.0005991999059915543,0.012955799698829651,0.09695040062069893,1.0989408995956182
324,191,0.0005692001432180405,0.013360399752855301,0.052105000242590904,0.49083870090544224
325,105,0.0005577001720666885,0.013759801164269447,0.05250519886612892,0.30226089991629124
326,311,0.000589100643992424,0.010827599093317986,0.07798420079052448,0.8005436006933451
327,240,0.0005865991115570068,0.01410839892923832,0.05549759976565838,0.6400370001792908
328,233,0.0009155012667179108,0.013195900246500969,0.06244510039687157,0.5719892997294664
329,492,0.0006869994103908539,0.013218199834227562,0.11674659885466099,1.3638291005045176
330,430,0.000612899661064148,0.010880500078201294,0.10028020106256008,1.1761910002678633
331,333,0.0020142998546361923,0.013570999726653099,0.08294479921460152,0.9440976995974779
332,455,0.0009693000465631485,0.013009300455451012,0.11069190129637718,1.2484360989183187
333,584,0.0007130000740289688,0.01351960003376007,0.15486020036041737,1.625893298536539
334,640,0.000649699941277504,0.01218469999730587,0.16485179960727692,1.7118874993175268
335,177,0.000573599711060524,0.01122409850358963,0.05314609967172146,0.47132569923996925
336,533,0.0006179995834827423,0.0137518011033535,0.12860620021820068,1.5850926991552114
337,518,0.0006053000688552856,0.013200201094150543,0.12945480085909367,1.4675014000386
338,507,0.0006006006151437759,0.01324550062417984,0.11851079948246479,1.4272837992757559
339,383,0.0005792994052171707,0.010927300900220871,0.10034830123186111,1.0604208000004292
340,512,0.0006172005087137222,0.014224899932742119,0.12744029983878136,1.4400325994938612
341,105,0.0005652010440826416,0.01334569975733757,0.05364929884672165,0.33139630034565926
342,283,0.0005805008113384247,0.013608498498797417,0.0748835988342762,0.7465218994766474
343,159,0.0005620997399091721,0.010530799627304077,0.06710279919207096,0.4858260992914438
344,350,0.000581398606300354,0.013296801596879959,0.08376900106668472,1.3694826010614634
345,477,0.0005923006683588028,0.01286889985203743,0.11573520116508007,1.4379938002675772
346,408,0.0005941987037658691,0.01299699954688549,0.09904420003294945,1.3408927991986275
347,234,0.0005706995725631714,0.01145239919424057,0.05538549832999706,0.5889679994434118
348,196,0.0005725007504224777,0.01234159991145134,0.05609630048274994,0.5220908001065254
349,999,0.0006670001894235611,0.01265919953584671,0.25620519928634167,2.868120599538088
350,877,0.0006626993417739868,0.013995399698615074,0.2085052002221346,2.345379799604416
351,463,0.0005981996655464172,0.01163879968225956,0.11318179965019226,1.2808119002729654
352,279,0.0005734991282224655,0.012821599841117859,0.07263670116662979,0.7152442988008261
353,561,0.0006038006395101547,0.013816799968481064,0.13223840110003948,1.5470654014497995
354,326,0.0009589008986949921,0.0134723000228405,0.08311850018799305,0.8150367997586727
355,333,0.0018581002950668335,0.01370990090072155,0.08359060063958168,0.8756507001817226
356,494,0.0010151993483304977,0.01087070070207119,0.11651189997792244,1.3908693995326757
357,311,0.001019500195980072,0.014898400753736496,0.07872579991817474,0.7960331998765469
358,644,0.0006811004132032394,0.013350000604987144,0.1649671010673046,1.6116202995181084
359,698,0.0006486997008323669,0.014301199465990067,0.17018860019743443,1.741567300632596
360,109,0.0005833003669977188,0.014677600935101509,0.05350260064005852,0.2871456015855074
361,935,0.0006557982414960861,0.012718100100755692,0.22624490037560463,2.453796600922942
362,158,0.000556599348783493,0.012130700051784515,0.051077401265501976,0.39262340031564236
363,144,0.0005483999848365784,0.012880798429250717,0.04797210171818733,0.357209999114275
364,434,0.0005863010883331299,0.013648100197315216,0.10019579902291298,1.114842800423503
365,306,0.0005729999393224716,0.012965401634573936,0.07649209909141064,0.8102607987821102
366,390,0.0005777999758720398,0.010853700339794159,0.0971498005092144,1.00223240070045
367,415,0.0005862992256879807,0.013333600014448166,0.10042919963598251,1.1729173995554447
368,348,0.0005703996866941452,0.014318101108074188,0.08273709937930107,0.8889298010617495
369,299,0.0005696993321180344,0.01311890035867691,0.07597020082175732,0.7827117014676332
370,994,0.0006747003644704819,0.010822398588061333,0.2526837009936571,2.7198763992637396
371,715,0.0006281007081270218,0.014510901644825935,0.17603550106287003,1.79776650108397
372,274,0.0005844999104738235,0.014514701440930367,0.07567450031638145,0.6849360000342131
373,265,0.0005630012601613998,0.013515699654817581,0.0717305988073349,0.7254886999726295
374,518,0.0005907006561756134,0.013509999960660934,0.12912669964134693,1.6440487001091242
375,451,0.0005923006683588028,0.014110200107097626,0.11214949935674667,1.378431599587202
376,228,0.0007325001060962677,0.011470900848507881,0.05472540110349655,0.6498536001890898
377,338,0.000932399183511734,0.013198800384998322,0.08196189999580383,0.9708382990211248
378,180,0.0006255004554986954,0.013980500400066376,0.05108509957790375,0.6492020003497601
379,281,0.0015060994774103165,0.012709598988294601,0.07607659883797169,0.8182024005800486
380,1217,0.00101500004529953,0.010918499901890755,0.3343131002038717,4.952002899721265
381,496,0.000837499275803566,0.01449199952185154,0.11798139847815037,1.4977381005883217
382,195,0.0006311014294624329,0.013700200244784355,0.055064599961042404,0.5540166012942791
383,430,0.0006210003048181534,0.014052899554371834,0.10001440159976482,1.1094240993261337
384,584,0.0006268005818128586,0.012626899406313896,0.15041179955005646,1.7118983007967472
385,207,0.0005689002573490143,0.011367099359631538,0.05359279923141003,0.5131810996681452
386,144,0.000566801056265831,0.012727400287985802,0.05261009931564331,0.35237389989197254
387,80,0.0005486998707056046,0.012642201036214828,0.05394500121474266,0.22117500007152557
388,222,0.0005641002207994461,0.013112599030137062,0.05445380136370659,0.5448985006660223
389,37,0.0005448013544082642,0.01093369908630848,0.06025740131735802,0.1277626007795334
390,672,0.0006445012986660004,0.013061000034213066,0.1721487008035183,1.6317191999405622
391,166,0.0005597006529569626,0.013926699757575989,0.04959950037300587,0.4674338009208441
392,290,0.0005775000900030136,0.013348700478672981,0.07353979907929897,0.8150321990251541
393,287,0.0005760993808507919,0.010781599208712578,0.07611669972538948,0.6849055998027325
394,362,0.0005796998739242554,0.013104500249028206,0.08376510068774223,0.9054204002022743
395,648,0.000623699277639389,0.012936301529407501,0.16624009981751442,2.409356599673629
396,248,0.0005689989775419235,0.01360979862511158,0.059999000281095505,0.6404247991740704
397,548,0.0006099008023738861,0.010655099526047707,0.13146230019629002,1.5242576990276575
398,246,0.0005674995481967926,0.013735100626945496,0.05796460062265396,0.5860550012439489
399,493,0.0005946997553110123,0.012716898694634438,0.11660240031778812,1.2784501984715462
400,330,0.0006014984101057053,0.012589599937200546,0.08349900133907795,0.8807741012424231
401,413,0.0005919989198446274,0.010849300771951675,0.09994619898498058,1.0990492012351751
402,257,0.000571100041270256,0.013500699773430824,0.0729674007743597,0.8137302994728088
403,183,0.001903599128127098,0.013175800442695618,0.05085409991443157,0.5150294993072748
404,101,0.001017000526189804,0.01522739976644516,0.058377599343657494,0.3044616002589464
405,372,0.0007130000740289688,0.015755200758576393,0.08490819856524467,0.9872962012887001
406,462,0.00074009969830513,0.012274401262402534,0.11153919994831085,1.443503798916936
407,984,0.0006862003356218338,0.011513300240039825,0.2546539008617401,2.7571885008364916
408,376,0.0007515996694564819,0.012607699260115623,0.08488329872488976,0.9297136999666691
409,211,0.000630699098110199,0.013560598716139793,0.053510598838329315,0.5165432002395391
410,671,0.0006230995059013367,0.010744299739599228,0.1666967011988163,1.6317835003137589
411,998,0.0006833001971244812,0.014119600877165794,0.25341940112411976,2.698819000273943
412,259,0.000579100102186203,0.013128699734807014,0.07224179990589619,0.7483820002526045
413,210,0.0005657002329826355,0.013156900182366371,0.059516699984669685,0.6160555984824896
414,371,0.0005885995924472809,0.013048799708485603,0.0874646995216608,1.028617599979043
415,469,0.0006140992045402527,0.01198899932205677,0.11676030047237873,1.4023639988154173
416,760,0.0006430000066757202,0.014403000473976135,0.18393199890851974,2.1220308002084494
417,181,0.0005744993686676025,0.013476500287652016,0.0631278995424509,0.6354047991335392
418,704,0.000636199489235878,0.013447200879454613,0.17869709990918636,2.0457595996558666
419,103,0.0005588997155427933,0.012545200064778328,0.05219149962067604,0.36628739908337593
420,300,0.0005854014307260513,0.01157740131020546,0.074940400198102,0.8699591010808945
421,182,0.0005636997520923615,0.014176800847053528,0.054847199469804764,0.466694800183177
422,637,0.0006310008466243744,0.013200599700212479,0.15497170016169548,1.7731176000088453
423,393,0.0005955006927251816,0.014264998957514763,0.09655530005693436,1.033746000379324
424,990,0.000661700963973999,0.01114949956536293,0.25269309990108013,2.608204200863838
425,393,0.0005933996289968491,0.0136501993983984,0.09684880077838898,1.0245647002011538
426,396,0.0005974005907773972,0.012985000386834145,0.09996519982814789,1.0478148013353348
427,293,0.000754600390791893,0.012207400053739548,0.07464929856359959,0.7850941997021437
428,320,0.0017193984240293503,0.010695399716496468,0.08259090036153793,0.7823680005967617
429,359,0.0008097011595964432,0.01255200058221817,0.08398479968309402,0.8823630008846521
430,378,0.0008254013955593109,0.012461699545383453,0.0854285005480051,0.9164368007332087
431,556,0.0007077008485794067,0.012117400765419006,0.13439969904720783,1.4854243993759155
432,395,0.0005982983857393265,0.01109350100159645,0.09898900054395199,1.0043202005326748
433,317,0.0005834009498357773,0.012374399229884148,0.07895479910075665,0.7996952999383211
434,203,0.0005705002695322037,0.014885500073432922,0.05431370064616203,0.7193072997033596
435,401,0.0005863010883331299,0.012983698397874832,0.09904729947447777,1.0504129994660616
436,513,0.0005990993231534958,0.013860899955034256,0.12869019992649555,1.3389379996806383
437,133,0.0005485005676746368,0.011267200112342834,0.04916590079665184,0.3465828001499176
438,206,0.0005636997520923615,0.013915099203586578,0.05558129958808422,0.5628329012542963
439,210,0.0005593001842498779,0.01336050033569336,0.05820080079138279,0.5233853999525309
440,705,0.0006275996565818787,0.014048399403691292,0.17451269924640656,1.864343300461769
441,529,0.0006135012954473495,0.011077599599957466,0.12914250046014786,1.535361299291253
442,178,0.0005546994507312775,0.012446101754903793,0.04932020045816898,0.45217439904809
443,296,0.0005861986428499222,0.012668000534176826,0.07353189960122108,0.7607150003314018
444,396,0.0005855988711118698,0.01422320120036602,0.09934639930725098,1.05253079906106
445,363,0.0005743987858295441,0.010967200621962547,0.08542769961059093,1.0212616007775068
446,550,0.0006082002073526382,0.01591620035469532,0.13184599950909615,1.7514581009745598
447,395,0.0005837995558977127,0.013302799314260483,0.0986349992454052,1.304976100102067
448,323,0.0005751010030508041,0.014977600425481796,0.08212790079414845,0.8353383000940084
449,222,0.0005689002573490143,0.013104299083352089,0.05706769973039627,0.5430743992328644
450,250,0.0005731005221605301,0.01422169990837574,0.05790490098297596,1.6892857998609543
451,335,0.0005824007093906403,0.011368898674845695,0.08195950090885162,0.8697148989886045
452,417,0.0006901994347572327,0.013984199613332748,0.09943060018122196,1.112244000658393
453,1040,0.0014351997524499893,0.014217900112271309,0.2647725995630026,2.9894558992236853
454,517,0.0006753001362085342,0.013419199734926224,0.12739770114421844,1.4280284997075796
455,381,0.001078099012374878,0.013431599363684654,0.08855910040438175,1.0684773996472359
456,310,0.0006588995456695557,0.011202100664377213,0.0749989990144968,0.7581878993660212
457,15,0.0005557984113693237,0.014513598755002022,0.05163639970123768,0.11339450068771839
458,531,0.0006253998726606369,0.014015600085258484,0.1305645015090704,1.4533156994730234
459,491,0.0006124991923570633,0.013402700424194336,0.11698580160737038,1.366905901581049
460,285,0.0005776006728410721,0.014485100284218788,0.07617460004985332,0.6955878008157015
461,187,0.0005641002207994461,0.010679000988602638,0.04984709993004799,0.45685309916734695
462,358,0.0005782004445791245,0.013149499893188477,0.0837933998554945,0.8689293991774321
463,199,0.0005731992423534393,0.013297401368618011,0.052675001323223114,0.49792749993503094
464,498,0.0006070006638765335,0.013309499248862267,0.11595279909670353,1.3460533004254103
465,263,0.0005812998861074448,0.011194400489330292,0.07198919914662838,0.6578727997839451
466,352,0.0005890000611543655,0.013374300673604012,0.08433829993009567,1.0976925007998943
467,187,0.0005657002329826355,0.013447601348161697,0.05209669843316078,0.5680375006049871
468,553,0.0006079990416765213,0.013024099171161652,0.13163889944553375,1.5356555003672838
469,156,0.0005622003227472305,0.013247599825263023,0.05723479948937893,0.40156069956719875
470,344,0.0005780011415481567,0.013211600482463837,0.08336200006306171,0.9230224993079901
471,501,0.000602399930357933,0.014429200440645218,0.11653090082108974,1.3222560994327068
472,314,0.0005804989486932755,0.01263589970767498,0.07593289948999882,0.7557349987328053
473,188,0.0005607996135950089,0.0128432996571064,0.05081469938158989,0.49679969996213913
474,374,0.0005863998085260391,0.010749699547886848,0.08935460075736046,1.0017318986356258
475,364,0.0005933996289968491,0.013648100197315216,0.08488910086452961,0.9308932982385159
476,701,0.0006422996520996094,0.012942198663949966,0.17025289870798588,1.6903130002319813
477,494,0.0006099008023738861,0.012657999992370605,0.1166824996471405,1.303065799176693
478,511,0.0007272008806467056,0.011052200570702553,0.12841299921274185,1.3345229011029005
479,487,0.001486700028181076,0.012874901294708252,0.11505969986319542,1.2834719009697437
480,677,0.00120449997484684,0.013376699760556221,0.1697975005954504,1.6790477000176907
481,83,0.0009575001895427704,0.013417800888419151,0.052486298605799675,0.42379049956798553
482,420,0.001066800206899643,0.012637998908758163,0.09863859973847866,0.9131183996796608
483,415,0.0006448011845350266,0.011841198429465294,0.09894319996237755,1.3843552991747856
484,329,0.0005987994372844696,0.013231100514531136,0.08233760111033916,0.8462060000747442
485,236,0.0006722006946802139,0.01364160142838955,0.05645369924604893,0.5986736994236708
486,427,0.0006221998482942581,0.014127800241112709,0.09869829937815666,1.1740948986262083
487,373,0.0006056986749172211,0.010789399966597557,0.08425899967551231,1.0207978002727032
488,239,0.0006154011934995651,0.014958798885345459,0.05598809942603111,0.5988164003938437
489,400,0.0006304997950792313,0.014668500050902367,0.09885540045797825,1.0402121003717184
490,198,0.0005876012146472931,0.013554399833083153,0.057039400562644005,0.5094731990247965
491,554,0.0006313994526863098,0.013978200033307076,0.13093370012938976,1.4859477002173662
492,531,0.0006131008267402649,0.014119798317551613,0.12886209972202778,1.3813000991940498
493,781,0.0006475001573562622,0.011328199878334999,0.18929529935121536,2.173180600628257
494,355,0.0005792006850242615,0.013078799471259117,0.08475899882614613,0.9157449994236231
495,857,0.0006504002958536148,0.013377400115132332,0.20704550109803677,2.30929059907794
496,270,0.0005636997520923615,0.01380160078406334,0.07578829862177372,0.6702011004090309
497,200,0.000558800995349884,0.010545099154114723,0.05220389924943447,0.5220897011458874
498,741,0.0006325002759695053,0.01415020041167736,0.17754309996962547,1.8598354011774063
499,292,0.0005772002041339874,0.012820299714803696,0.07627090066671371,0.7393677998334169
500,736,0.0006265994161367416,0.012825900688767433,0.17958759889006615,1.906429398804903
501,142,0.0005493015050888062,0.01259869895875454,0.05202999897301197,0.34541770070791245
502,154,0.0017477013170719147,0.012131698429584503,0.048425400629639626,0.3803516998887062
503,199,0.0011392012238502502,0.013090899214148521,0.052697598934173584,0.5239498000591993
504,579,0.0008419007062911987,0.012853499501943588,0.1501366999000311,1.7282728012651205
505,705,0.0006986986845731735,0.013635599985718727,0.1752690002322197,2.8089825995266438
506,215,0.0005904994904994965,0.010971000418066978,0.059718500822782516,0.5606057997792959
507,439,0.0006079003214836121,0.012899501249194145,0.10019130073487759,1.2224146984517574
508,68,0.0005646999925374985,0.01305449940264225,0.05287260003387928,0.2333667017519474
509,581,0.0006098002195358276,0.012316500768065453,0.15230930037796497,1.5236469004303217
510,385,0.000586898997426033,0.011005101725459099,0.09808809868991375,1.0148063991218805
511,858,0.0006651002913713455,0.013116799294948578,0.20848319865763187,2.279305700212717
512,1015,0.0006620995700359344,0.014087699353694916,0.254356000572443,2.8186002001166344
513,70,0.0005520004779100418,0.012604499235749245,0.052855199202895164,0.20305870100855827
514,230,0.0005674008280038834,0.011057499796152115,0.05887620151042938,0.639104200527072
515,149,0.0005665011703968048,0.013208800926804543,0.04857099987566471,0.3674484994262457
516,171,0.0005617998540401459,0.012584399431943893,0.0544258002191782,0.43751039914786816
517,257,0.0005837995558977127,0.011823000386357307,0.07247219979763031,0.6287174001336098
518,166,0.0005663987249135971,0.012625699862837791,0.05707550048828125,0.4490271992981434
519,184,0.0005667991936206818,0.014481998980045319,0.05390919931232929,0.4506002999842167
520,552,0.0006093010306358337,0.01255900040268898,0.13257419876754284,1.5509901996701956
521,505,0.0006125010550022125,0.01330999843776226,0.11637619882822037,1.301969699561596
522,248,0.0005738008767366409,0.01071929931640625,0.05588719993829727,0.6193317994475365
523,352,0.0005933996289968491,0.012921100482344627,0.08683349937200546,0.9315237011760473
524,273,0.0005853995680809021,0.013032600283622742,0.0755959004163742,0.7017681989818811
525,314,0.0005760993808507919,0.013737300410866737,0.08034420013427734,0.7824440002441406
526,366,0.0005890987813472748,0.010555898770689964,0.08491300046443939,0.9143807012587786
527,175,0.0014104992151260376,0.01322769932448864,0.048743799328804016,0.4319764990359545
528,335,0.0010336004197597504,0.013628600165247917,0.08295019902288914,0.8374313004314899
529,416,0.0011382009834051132,0.012773100286722183,0.09961250051856041,1.094623800367117
530,262,0.0006117001175880432,0.010753201320767403,0.07377129979431629,0.649872800335288
531,367,0.0008624009788036346,0.013218600302934647,0.08366220071911812,0.951393598690629
532,396,0.000668499618768692,0.013330899178981781,0.09755410067737103,1.2372664995491505
533,401,0.0006364006549119949,0.012993600219488144,0.097513098269701,1.066483998671174
534,124,0.0005916990339756012,0.011558299884200096,0.06825190037488937,0.32277800142765045
535,434,0.000639699399471283,0.012616999447345734,0.09944859892129898,1.1333250999450684
536,226,0.0005785990506410599,0.013556400313973427,0.05713310092687607,0.5426559001207352
537,356,0.0006053000688552856,0.013976199552416801,0.08701319992542267,0.9117133002728224
538,246,0.0005820989608764648,0.01238340139389038,0.056719500571489334,0.610784599557519
539,705,0.0006393007934093475,0.010839499533176422,0.17541470006108284,1.939223300665617
540,405,0.0005955006927251816,0.01237340085208416,0.0979824997484684,1.0702211000025272
541,531,0.0006207004189491272,0.013332799077033997,0.1298591997474432,1.4908051006495953
542,178,0.0005657989531755447,0.01277719996869564,0.05087199993431568,0.47448999993503094
543,679,0.0006475001573562622,0.01136540062725544,0.169981200248003,1.7185062002390623
544,458,0.0006156992167234421,0.013623001053929329,0.11452139914035797,1.2022967003285885
545,478,0.0006108991801738739,0.013979099690914154,0.11393300071358681,1.3569309003651142
546,653,0.0006323009729385376,0.01349709928035736,0.1651424989104271,1.5688121002167463
547,354,0.000593898817896843,0.010731000453233719,0.08338290080428123,0.8608222007751465
548,148,0.0005612988024950027,0.013134600594639778,0.048379600048065186,0.38377470150589943
549,142,0.0005676988512277603,0.013542499393224716,0.052472999319434166,0.34646499902009964
550,455,0.0005919989198446274,0.013675099238753319,0.11202719993889332,1.1369475983083248
551,241,0.0015396997332572937,0.010623600333929062,0.05547649972140789,0.6119951009750366
552,490,0.0007843989878892899,0.014294300228357315,0.11469910107553005,1.2642112001776695
553,247,0.000868799164891243,0.01454240083694458,0.0561148002743721,0.625451099127531
554,129,0.0006926003843545914,0.012719700112938881,0.053351299837231636,0.336837500333786
555,201,0.0006012991070747375,0.013859599828720093,0.06349669955670834,0.5145021993666887
556,130,0.0005670003592967987,0.010799800977110863,0.05691809952259064,0.35908859968185425
557,336,0.0005798004567623138,0.013276800513267517,0.0830933004617691,0.8721363004297018
558,433,0.0006003007292747498,0.01257380098104477,0.10056110098958015,1.2661667987704277
559,221,0.0005702003836631775,0.012293199077248573,0.05393359996378422,0.5563994012773037
560,277,0.0005702003836631775,0.011134600266814232,0.07304389961063862,0.7120089996606112
561,169,0.0005622003227472305,0.012815099209547043,0.05693980120122433,0.46386659890413284
562,857,0.0006565991789102554,0.01313919946551323,0.2080044001340866,2.264182699844241
563,590,0.0006195995956659317,0.012927001342177391,0.1531332992017269,1.6008110009133816
564,187,0.000568099319934845,0.010750100016593933,0.050850698724389076,0.4982715994119644
565,177,0.0005606003105640411,0.013177800923585892,0.0499160997569561,0.45839319936931133
566,267,0.0005713999271392822,0.013972301036119461,0.07565939985215664,0.6873578000813723
567,416,0.0005926992744207382,0.014638800173997879,0.0992203988134861,1.1157444007694721
568,414,0.0005952008068561554,0.015974000096321106,0.09975400008261204,1.1678458992391825
569,209,0.0005687009543180466,0.013044999912381172,0.05292860046029091,1.0075060985982418
570,770,0.0006469003856182098,0.011823799461126328,0.18621299974620342,1.9782060999423265
571,179,0.0005604010075330734,0.013038000091910362,0.05751419998705387,0.45848190039396286
572,330,0.000578099861741066,0.013009099289774895,0.08200350031256676,0.8613022994250059
573,333,0.0005763005465269089,0.013402599841356277,0.08093170076608658,0.8507442995905876
574,896,0.0006618015468120575,0.011570099741220474,0.22230600006878376,2.5185850001871586
575,298,0.0006901007145643234,0.012990700080990791,0.07414939999580383,0.7429031003266573
576,269,0.0006358008831739426,0.013380000367760658,0.07593009993433952,0.6761505994945765
577,475,0.001667199656367302,0.013455700129270554,0.11464329995214939,1.2377490010112524
578,321,0.0012046992778778076,0.015070699155330658,0.08015959896147251,0.8418754003942013
579,128,0.0005994997918605804,0.011606698855757713,0.05551209859549999,0.4051818996667862
580,384,0.0006102994084358215,0.012767801061272621,0.09689079970121384,1.0689734015613794
581,465,0.0006207004189491272,0.013111600652337074,0.11269950121641159,1.1720049008727074
