Rank,Category,Method,n,RMSE,MAE,bias,R2_coef_det,Pearson_r,r2,n_|err|>0.5
1,Structure,DeepKa+Thurl (exp_PDB),61,0.6058,0.4197,0.0802,0.8023,0.9044,0.8179,16
2,Sequence,ESMpI (this_work),61,0.6064,0.4297,-0.1033,0.8019,0.9047,0.8185,19
3,Structure,DeepKa+SA+Thurl (exp_PDB),61,0.6147,0.4205,0.1313,0.7964,0.9018,0.8132,16
4,Structure,DeepKa+SA+IPC2 (exp_PDB),61,0.623,0.4083,-0.0685,0.7908,0.9027,0.8148,17
5,Structure,DeepKa+SA+our (exp_PDB),61,0.6243,0.4172,-0.0642,0.79,0.8988,0.8078,17
6,Sequence,IPC2 9-param,61,0.64,0.4292,-0.1523,0.7793,0.9024,0.8144,20
7,Sequence,Our 9-param,61,0.6409,0.4368,-0.1527,0.7787,0.8993,0.8087,20
8,Structure,PypKa+Thurl (exp_PDB),61,0.6451,0.5134,-0.0191,0.7757,0.9206,0.8475,28
9,Seq_baseline,Thurlkill_baseline,61,0.6453,0.469,0.1888,0.7756,0.8988,0.8078,22
10,Sequence,IPC2 SVR,61,0.6519,0.425,-0.1816,0.771,0.9014,0.8125,19
11,Structure,PropKa+Thurl (exp_PDB),61,0.6729,0.4918,0.3743,0.756,0.9179,0.8425,23
12,Sequence,pKALM PIPROT,61,0.7877,0.5591,-0.2794,0.6657,0.8435,0.7115,24
