dim,mean,std,ci_lo,ci_hi,median
N_TER,5.888552616482307,1.0317036244270792,4.836061903496051,6.677175776522243,5.9585622279574135
C_TER,5.713768952116221,0.970384835890857,4.838470445217189,6.673097904432652,5.458541350268167
asp,3.684215982647774,0.088736066728714,3.508247604242106,3.8514933084647023,3.6843471935406207
glu,4.509914267127813,0.025432520278540784,4.460072946521472,4.558849047135283,4.510158113993108
his,5.563549889016349,0.042859951743150736,5.481761485045725,5.652733837987755,5.564102436358837
lys,9.51000691415429,0.3818521081464797,9.100942494424695,10.282756614611058,9.311140075966495
cys,8.742432080889637,1.4541552115127832,7.741849017647425,13.979000966677466,7.958252648806631
tyr,13.378495296234826,1.194907874237965,10.457606414894743,13.999999999999998,13.999979178071843
arg,9.767748003746524,0.9594432484826773,8.295193842411647,10.695348955710108,10.320389236917013
