method,pooled_rmse,pooled_mae,pooled_r2,pooled_out,fold_rmse,fold_mae,fold_r2,fold_out,paper_rmse,paper_mae,paper_r2,paper_out,diff_rmse
ESMpI,0.8104,0.5573,0.6483,226,0.8035,0.5573,0.6336,226,,,,,
IPC2.svr.19,0.8552,0.5907,0.6088,247,0.849,0.5907,0.5937,247,,,,,
ESMpI_pKa,0.866,0.6052,0.5982,251,0.8599,0.6053,0.5829,251,,,,,
IPC2_protein,0.8661,0.6052,0.5981,250,0.86,0.6052,0.5826,250,0.8608,0.6052,0.5748,251.0,-0.0008
IPC_protein,0.8734,0.6109,0.5912,250,0.8675,0.6109,0.5748,250,0.8677,0.6109,0.576,250.0,-0.0002
ProMoST,0.9179,0.6443,0.5953,263,0.9123,0.6444,0.5237,263,0.9113,0.6444,0.5183,263.0,0.001
Toseland,0.9336,0.6537,0.5546,250,0.9279,0.6537,0.5121,250,0.9278,0.6537,0.5095,250.0,0.0001
Bjellqvist,0.9444,0.6537,0.5966,260,0.9378,0.6537,0.4938,260,0.9369,0.6536,0.5005,260.0,0.0009
Dawson,0.9447,0.6587,0.5949,263,0.9386,0.6587,0.4935,263,0.9365,0.6586,0.4977,263.0,0.0021
Wikipedia,0.9546,0.6795,0.5926,262,0.9486,0.6796,0.4831,262,0.9484,0.6795,0.486,262.0,0.0002
Rodwell,0.9626,0.6762,0.595,262,0.9563,0.6762,0.4736,262,0.9579,0.6762,0.4706,262.0,-0.0016
Grimsley,0.9675,0.6953,0.5453,265,0.9619,0.6954,0.4754,265,0.9588,0.6953,0.4779,265.0,0.0031
Solomon,0.9698,0.6746,0.591,272,0.9634,0.6746,0.4649,272,0.9631,0.6746,0.4606,272.0,0.0003
Lehninger,0.9701,0.6783,0.5905,266,0.9637,0.6783,0.4644,266,0.9617,0.6783,0.4607,266.0,0.002
Nozaki,1.0235,0.7219,0.592,288,1.0167,0.7219,0.4021,288,1.0164,0.7219,0.398,288.0,0.0003
Thurlkill,1.0301,0.7573,0.5803,302,1.0243,0.7573,0.3951,302,1.025,0.7573,0.3948,302.0,-0.0007
DTASelect,1.0322,0.7798,0.5855,319,1.0271,0.7799,0.3935,319,1.0278,0.7798,0.3947,319.0,-0.0007
EMBOSS,1.0561,0.7757,0.5817,308,1.0501,0.7757,0.3634,308,1.0498,0.7757,0.3734,308.0,0.0003
Sillero,1.0586,0.7694,0.5923,308,1.0523,0.7694,0.3598,308,1.0519,0.7694,0.3461,308.0,0.0004
Patrickios,2.3923,1.8413,0.0428,517,2.3763,1.8412,-2.1625,517,,,,,
