dim,mean,std,ci_lo,ci_hi,pile0,pile14,ipc2,bjellqvist
N_TER,5.5580650408187235,0.4050368118829793,4.757331729031841,6.269151115656742,0.0,0.0,5.779,7.5
C_TER,6.163421383887679,0.6212061557041917,5.269144056729114,7.04904577338011,0.0,0.0,6.065,3.55
asp,3.7914943865814954,0.17098180084586828,3.428738146689191,4.092728112491975,0.0,0.0,3.766,4.05
glu,4.499311819617975,0.05674431007772724,4.379333534213543,4.599565151482237,0.0,0.0,4.497,4.45
his,5.47880320131782,0.095376094508528,5.301504946344314,5.668652556398961,0.0,0.0,5.492,5.98
lys,9.278291216463598,0.3385175079015561,8.62800138572437,10.141296138454562,0.0,0.0,9.247,10.0
cys,8.290626803085562,1.3557136843439903,7.482192141830319,13.8329234735495,0.0,0.019,7.89,9.0
tyr,11.93069367431628,1.7131558862414533,8.703374329443763,13.999999999999998,0.0,0.198,11.491,10.0
arg,10.840656135759913,0.8801272905097572,8.823690924443905,13.011494183886699,0.0,0.007,10.223,12.0
